,date,start_time,duration,team,top,jng,mid,adc,sup,top_totalGold_end,top_level_end,top_NEUTRAL_MINIONS_KILLED_ENEMY_JUNGLE_end,top_CHAMPIONS_KILLED_end,top_NUM_DEATHS_end,top_ASSISTS_end,top_VISION_SCORE_end,top_TOTAL_DAMAGE_DEALT_TO_CHAMPIONS_end,top_cs_end,jng_totalGold_end,jng_level_end,jng_NEUTRAL_MINIONS_KILLED_ENEMY_JUNGLE_end,jng_CHAMPIONS_KILLED_end,jng_NUM_DEATHS_end,jng_ASSISTS_end,jng_VISION_SCORE_end,jng_TOTAL_DAMAGE_DEALT_TO_CHAMPIONS_end,jng_cs_end,mid_totalGold_end,mid_level_end,mid_NEUTRAL_MINIONS_KILLED_ENEMY_JUNGLE_end,mid_CHAMPIONS_KILLED_end,mid_NUM_DEATHS_end,mid_ASSISTS_end,mid_VISION_SCORE_end,mid_TOTAL_DAMAGE_DEALT_TO_CHAMPIONS_end,mid_cs_end,adc_totalGold_end,adc_level_end,adc_NEUTRAL_MINIONS_KILLED_ENEMY_JUNGLE_end,adc_CHAMPIONS_KILLED_end,adc_NUM_DEATHS_end,adc_ASSISTS_end,adc_VISION_SCORE_end,adc_TOTAL_DAMAGE_DEALT_TO_CHAMPIONS_end,adc_cs_end,sup_totalGold_end,sup_level_end,sup_NEUTRAL_MINIONS_KILLED_ENEMY_JUNGLE_end,sup_CHAMPIONS_KILLED_end,sup_NUM_DEATHS_end,sup_ASSISTS_end,sup_VISION_SCORE_end,sup_TOTAL_DAMAGE_DEALT_TO_CHAMPIONS_end,sup_cs_end,pings_end,inhibKills_end,towerKills_end,baronKills_end,dragonKills_end
0,2023-03-11,61733,1824,XL,Odoamne,Xerxe,Vetheo,Patrik,LIMIT,11943,16,0.0,5,0,3,33.346405029296875,13536.357421875,232.0,9608,14,0.0,1,0,5,83.88546752929688,10384.7783203125,222.0000457763672,12028,17,0.0,1,0,7,22.024965286254883,18931.9921875,285.0,13099,15,0.0,3,0,2,38.53898620605469,10009.2900390625,300.99999618530273,7290,12,0.0,1,3,7,75.87838745117188,5913.68017578125,13.0,441,1,8,1,2
6,2023-03-12,67814,1867,XL,Odoamne,Xerxe,Vetheo,Patrik,LIMIT,11306,16,0.0,1,6,1,21.578062057495117,6680.4326171875,261.0,8130,13,6.0,0,4,2,47.742164611816406,9215.447265625,253.50005340576172,11695,17,6.5,0,3,1,33.814754486083984,5394.22314453125,305.0,13780,15,6.0,2,3,1,24.112768173217773,14258.10546875,320.0,6903,11,0.0,1,6,1,65.79491424560547,7784.009765625,20.5,385,0,5,1,2
13,2023-03-13,71923,1540,XL,Odoamne,Xerxe,Vetheo,Patrik,LIMIT,8366,14,0.0,2,4,1,17.630157470703125,13743.076171875,174.0,7059,11,0.0,1,5,6,28.557350158691406,6091.4990234375,195.20004272460938,9065,13,0.0,2,6,5,39.73759078979492,11755.84765625,197.0,10506,13,0.0,6,4,2,20.29540252685547,16428.24609375,224.0,5624,10,0.0,1,5,7,55.292022705078125,3094.1787109375,30.0,259,0,1,0,0
16,2023-03-18,65066,2265,XL,Odoamne,Xerxe,Vetheo,Patrik,LIMIT,13590,17,0.0,5,5,8,31.291885375976562,26890.923828125,271.60000002384186,10342,15,0.0,3,5,13,53.09703826904297,17624.3515625,255.9500732421875,14893,18,4.0,3,4,8,52.311866760253906,16815.435546875,377.24999809265137,15020,16,0.0,5,4,8,45.208683013916016,41243.94921875,354.75,7466,12,0.0,1,8,9,99.0925521850586,6877.98193359375,31.0,413,0,2,0,1
21,2023-03-19,65984,2116,XL,Odoamne,Xerxe,Vetheo,Patrik,LIMIT,11943,17,0.0,2,2,8,47.62701416015625,13147.451171875,241.25,12003,15,0.0,0,2,13,48.91807556152344,17582.626953125,270.0000534057617,16877,18,4.0,6,3,9,61.23991775512695,30546.634765625,322.99999618530273,17174,18,8.0,8,0,5,50.47153854370117,24484.095703125,368.20000076293945,9054,13,0.0,2,0,12,106.20628356933594,3849.078369140625,19.0,591,1,9,1,4
25,2023-03-20,61692,1852,XL,Odoamne,Xerxe,Vetheo,Patrik,LIMIT,9488,15,0.0,0,1,0,30.725154876708984,10380.8037109375,231.75,7335,12,2.5,0,2,0,46.785465240478516,4526.14306640625,233.50003814697266,11162,16,0.0,0,1,0,45.041282653808594,12543.16796875,339.99999618530273,10505,14,0.0,0,1,0,39.6604118347168,11830.49609375,284.0,5966,9,0.0,0,1,0,75.84595489501953,3392.6181640625,10.0,341,0,2,0,1
31,2023-03-25,64640,2809,XL,Odoamne,Xerxe,Abbedagge,Patrik,LIMIT,15203,18,0.0,2,0,7,54.27996063232422,21347.634765625,332.5,12651,16,4.0,4,5,4,78.1169662475586,8003.88232421875,298.50003814697266,16089,18,0.0,4,1,6,51.26026916503906,27839.662109375,363.24999618530273,15981,16,4.0,2,6,4,49.4525260925293,31032.666015625,353.99999618530273,9607,14,0.0,1,3,11,134.1603240966797,9260.0908203125,25.0,629,2,7,1,4
35,2023-03-26,57510,1323,XL,Odoamne,Xerxe,Abbedagge,Patrik,LIMIT,8456,14,0.0,0,2,0,26.139720916748047,6394.27685546875,208.0,6016,11,4.0,0,3,4,42.10630798339844,6644.99853515625,169.2000389099121,7854,11,0.0,4,6,0,16.744625091552734,10035.4541015625,152.5,7945,11,0.0,1,3,4,13.011446952819824,10115.88671875,170.0,5175,9,0.0,1,2,3,52.464073181152344,5360.7353515625,13.800000011920929,336,0,2,0,0
40,2023-03-27,57524,2363,XL,Odoamne,Xerxe,Abbedagge,Patrik,LIMIT,12904,16,0.0,2,6,1,45.67826843261719,16336.20703125,290.5999946594238,9757,14,0.0,0,2,6,67.85070037841797,10151.1953125,243.50006103515625,11876,18,0.0,0,5,4,31.958892822265625,19810.970703125,270.8000011444092,17052,17,0.0,5,3,3,45.69822692871094,32156.07421875,440.3999938964844,8878,13,0.0,1,3,5,157.7993927001953,10238.552734375,50.0,508,0,4,0,3
1,2023-03-11,65516,2170,BDS,Adam,Sheo,nuc,Crownie,Labrov,15187,18,0.0,2,2,1,43.59471130371094,9722.5107421875,397.5,10273,13,3.6000003814697266,2,2,4,85.44432067871094,3414.884765625,245.00004768371582,12144,18,0.0,0,2,1,42.45429992675781,11844.9638671875,319.0,13930,15,4.0,3,5,4,82.86823272705078,13986.1943359375,395.2000045776367,7798,11,0.0,0,5,6,116.38916015625,7407.47900390625,25.0,595,0,3,0,2
5,2023-03-12,61674,1940,BDS,Adam,Sheo,nuc,Crownie,Labrov,13976,17,0.0,4,4,6,35.93946075439453,15127.220703125,258.0,10573,15,4.0,1,0,17,50.85601043701172,9856.052734375,208.50003051757812,13487,17,8.0,5,1,10,39.19120788574219,24551.626953125,280.0,16945,16,14.399999618530273,11,0,5,62.90335464477539,23429.9375,394.29999351501465,8266,13,0.5,0,1,15,85.04647827148438,2978.201171875,35.5,564,3,11,2,4
11,2023-03-13,64833,1902,BDS,Adam,Sheo,nuc,Crownie,Labrov,8806,13,0.0,1,7,5,37.32658767700195,8806.0732421875,148.5,10014,15,20.499998092651367,2,0,8,53.50762176513672,6472.24658203125,273.50004386901855,13043,17,0.0,4,2,6,31.148195266723633,18428.923828125,285.75,17866,17,4.0,7,1,6,28.963504791259766,20381.44921875,416.25001525878906,8398,13,0.0,1,2,12,104.56775665283203,6051.60205078125,42.0,478,2,8,1,4
17,2023-03-18,68295,2054,BDS,Adam,Sheo,nuc,Crownie,Labrov,12381,17,0.0,2,2,6,43.71973419189453,8799.599609375,214.5,12711,16,18.5,5,1,12,53.297569274902344,9382.6064453125,260.90003204345703,13764,18,7.0,2,1,10,54.22964859008789,16558.638671875,302.0,19305,17,15.5,10,0,5,79.50228881835938,21729.4921875,431.5000190734863,8846,13,0.0,0,3,15,119.80509948730469,6110.00830078125,31.0,640,4,11,3,4
20,2023-03-19,61610,2081,BDS,Adam,Sheo,nuc,Crownie,Labrov,14359,17,0.0,4,3,4,46.700355529785156,18315.720703125,280.25,13138,15,0.0,2,1,7,76.44003295898438,7574.70556640625,300.50003814697266,13062,18,0.0,0,3,9,50.031734466552734,11744.1533203125,281.0,14783,17,6.000000476837158,5,3,5,33.74050521850586,22472.751953125,378.0000042915344,8472,13,0.0,1,4,9,116.90776824951172,3300.935546875,35.0,492,1,7,2,1
28,2023-03-20,72611,2083,BDS,Adam,Sheo,nuc,Crownie,Labrov,13418,15,0.0,3,6,4,47.102996826171875,21929.326171875,271.0,9881,14,0.0,1,3,7,75.34730529785156,11048.91796875,291.00006103515625,11331,16,0.0,3,3,3,31.67945098876953,13568.685546875,247.0,13383,15,0.4000000059604645,2,4,3,44.39799880981445,25092.302734375,344.7999958097935,7131,12,0.0,0,4,7,88.86199951171875,6160.67236328125,34.0,546,0,4,0,3
32,2023-03-25,69579,2505,BDS,Adam,Sheo,nuc,Crownie,Labrov,15077,18,0.0,1,2,7,39.582157135009766,22608.796875,354.0,13144,16,14.5,3,3,6,119.24128723144531,25033.94921875,281.2000198364258,18645,18,0.0,6,3,3,37.805381774902344,42209.99609375,370.0,16125,18,4.400000095367432,1,4,5,43.26154327392578,18499.37109375,430.2999978065491,9317,14,0.0,0,3,10,119.35801696777344,5670.70751953125,16.0,563,1,6,1,3
37,2023-03-26,64611,2389,BDS,Adam,Sheo,nuc,Crownie,Labrov,14620,18,6.000000476837158,5,2,8,39.578853607177734,26116.548828125,285.7499985694885,12687,16,23.599998474121094,2,1,14,61.98966979980469,11480.2275390625,321.2000045776367,16828,18,15.999998092651367,7,2,10,30.34817886352539,24100.201171875,321.9999942779541,20820,18,29.59999656677246,8,1,11,66.18366241455078,39356.12109375,504.1999988555908,9529,14,0.0,0,2,17,105.71229553222656,8259.73828125,37.0,610,5,10,2,4
40,2023-03-27,57524,2363,BDS,Adam,Sheo,nuc,Crownie,Labrov,18875,18,2.0,6,1,7,38.84217834472656,37141.55078125,326.0,13598,17,5.0,3,0,7,70.5660400390625,16291.513671875,322.00003814697266,13514,17,0.0,2,4,11,44.42367172241211,40575.04296875,263.0,17957,17,13.0,7,2,5,56.85210418701172,30160.375,435.00002670288086,9553,14,0.0,1,1,12,109.60871887207031,5048.1484375,40.0,686,4,11,2,3
51,2023-04-09,58029,1843,BDS,Adam,Sheo,nuc,Crownie,Labrov,11706,15,0.0,4,3,4,34.632598876953125,12557.21484375,200.0,12047,15,4.0,5,2,8,45.99470520019531,7554.26171875,275.99998474121094,11429,15,8.0,3,2,4,33.28496551513672,17004.27734375,265.0,14462,16,0.0,4,1,7,49.24363708496094,18688.458984375,355.4999885559082,7923,12,0.0,0,1,12,98.43120574951172,6061.48486328125,39.0,581,3,11,1,4
52,2023-04-09,61148,1747,BDS,Adam,Sheo,nuc,Crownie,Labrov,10298,15,0.0,1,3,4,40.09082794189453,4874.267578125,233.0,9937,14,21.39999771118164,2,2,8,69.90631103515625,8767.2294921875,260.30004501342773,12068,17,0.5,5,1,1,23.703678131103516,10510.087890625,294.5,15335,16,0.0,5,0,6,26.236865997314453,19282.75,359.99999237060547,7612,13,0.800000011920929,0,0,13,100.3686294555664,5743.84619140625,35.60000002384186,505,2,8,1,4
58,2023-04-10,64133,1762,BDS,Adam,Sheo,nuc,Crownie,Labrov,10526,15,0.0,1,3,18,35.23649978637695,15850.87890625,179.0,12662,15,8.399999618530273,10,0,12,41.8614501953125,11191.373046875,244.80003929138184,13503,16,0.8999999761581421,7,2,13,33.8886833190918,28742.095703125,245.80000007152557,14259,16,0.0,6,3,13,54.617794036865234,26132.935546875,314.99999618530273,8009,12,0.0,2,1,20,84.6064224243164,4825.3759765625,33.0,458,2,9,1,4
59,2023-04-10,67235,1707,BDS,Adam,Sheo,nuc,Crownie,Labrov,9166,14,0.8999999761581421,1,4,11,28.88338279724121,10163.77734375,174.40000092983246,9537,14,26.099998474121094,1,3,10,53.53227615356445,7679.72216796875,217.70001983642578,14908,17,4.0,11,1,7,33.9109001159668,20592.58203125,255.5,15182,16,6.000000476837158,10,0,4,45.91835021972656,14988.640625,311.39999628067017,7226,12,0.0,0,3,14,74.93634033203125,3577.815185546875,28.0,510,1,9,1,4
70,2023-04-17,58399,2206,BDS,Adam,Sheo,nuc,Crownie,Labrov,11288,16,0.0,3,0,2,48.01275634765625,5724.9189453125,212.0,11250,15,15.0,2,0,4,66.50106048583984,9921.1611328125,247.50003051757812,14678,18,6.0,1,0,4,38.82135772705078,9881.7890625,380.0,19498,18,5.0,4,0,4,73.10816192626953,18755.978515625,439.00000190734863,8794,14,0.0,1,0,7,109.63312530517578,2865.35009765625,34.0,718,2,10,1,4
71,2023-04-17,61815,2008,BDS,Adam,Sheo,nuc,Crownie,Labrov,12939,18,0.0,2,0,8,32.917877197265625,12719.703125,270.5,13141,15,13.899999618530273,4,4,14,83.2171859741211,13430.265625,270.3000240325928,15042,18,4.0,10,1,8,31.638317108154297,24470.33203125,260.0,14807,16,5.800000190734863,6,1,12,55.37629699707031,22649.34375,294.59999561309814,8651,13,0.0,1,3,15,96.89779663085938,4840.18408203125,27.0,604,1,9,2,3
72,2023-04-17,65186,2349,BDS,Adam,Sheo,nuc,Crownie,Labrov,12482,17,0.0,4,1,6,44.31056213378906,14322.2744140625,269.5,11977,16,8.100000381469727,5,3,13,61.264957427978516,16478.513671875,261.0000247955322,13770,17,0.0,2,1,16,35.8973274230957,24232.837890625,285.79999923706055,18711,17,4.0,7,1,8,70.77375030517578,40276.43359375,409.0,8246,14,0.0,1,3,12,98.35360717773438,5100.43017578125,31.0,665,1,4,2,4
82,2023-04-23,58511,2025,BDS,Adam,Sheo,nuc,Crownie,Labrov,11121,16,0.0,0,4,10,34.10778045654297,17636.404296875,224.0,10949,15,10.5,2,4,12,50.16685104370117,10938.6748046875,275.300048828125,13894,17,2.0,6,2,10,29.788936614990234,21217.787109375,253.5,20461,17,2.0,12,0,4,57.259254455566406,34192.71875,402.4999885559082,8379,13,0.0,0,3,16,86.52418518066406,3361.65869140625,34.0,549,2,9,1,3
83,2023-04-23,61837,2015,BDS,Adam,Sheo,nuc,Crownie,Labrov,10625,15,0.0,3,6,11,28.08009910583496,13325.513671875,165.0,10626,14,8.0,1,2,15,43.78162384033203,10079.548828125,232.60005950927734,14099,17,0.0,9,2,7,31.1082706451416,17591.15234375,252.5,15495,16,2.5,10,2,11,50.084556579589844,25465.794921875,264.3999938964844,8061,13,0.0,2,7,13,79.86335754394531,7697.43701171875,32.0,600,1,6,1,3
84,2023-04-23,65139,1776,BDS,Adam,Sheo,nuc,Crownie,Labrov,8829,13,0.0,2,5,1,28.19866371154785,14126.0849609375,164.0,8733,13,16.0,1,3,2,55.58053970336914,6800.10546875,252.90005493164062,9512,14,0.0,0,4,1,19.08717155456543,10696.4248046875,237.0,12255,13,2.5,1,3,1,26.471487045288086,11069.2314453125,297.1999969482422,6883,11,0.0,1,2,3,89.80221557617188,3793.537841796875,39.0,480,0,3,0,2
85,2023-04-23,68130,1447,BDS,Adam,Sheo,nuc,Crownie,Labrov,7382,14,0.0,0,4,1,12.848597526550293,3298.99365234375,189.0,6755,11,12.0,0,2,3,38.60658645629883,3505.445068359375,218.00003814697266,7907,14,4.0,1,1,3,18.021398544311523,6793.26513671875,205.0,10332,12,0.0,4,3,1,19.834747314453125,8788.4814453125,209.80000001192093,5108,10,0.0,0,5,5,61.67458724975586,2536.99560546875,27.0,270,0,1,0,0
86,2023-04-23,70823,1697,BDS,Adam,Sheo,nuc,Crownie,Labrov,8828,15,0.0,0,4,0,19.808210372924805,7036.65234375,223.0,7612,13,4.0,0,2,0,42.33040237426758,4745.06591796875,232.4500503540039,9451,14,0.0,0,2,0,20.74237060546875,10112.0126953125,244.59999990463257,11112,14,2.5,0,3,0,27.498775482177734,10015.224609375,314.75,5201,11,0.0,0,3,0,57.75541305541992,2097.35546875,25.0,418,0,1,0,1
2,2023-03-11,69231,1697,VIT,Photon,Bo,Perkz,Upset,Kaiser,9842,14,1.2000000476837158,4,3,4,21.498531341552734,12739.587890625,160.40000009536743,10175,14,9.0,4,0,9,62.76104736328125,12053.6708984375,242.40006256103516,13957,17,3.200000047683716,5,0,7,29.9045352935791,24872.361328125,310.89999890327454,11963,14,6.200000286102295,7,0,7,46.416316986083984,15543.271484375,225.39999914169312,8484,12,0.0,1,0,14,66.6504898071289,14657.9130859375,22.0,685,2,11,1,3
6,2023-03-12,67814,1867,VIT,Photon,Bo,Perkz,Upset,Kaiser,16554,18,8.0,8,2,4,46.16449737548828,19645.921875,360.4999985694885,10271,15,5.500000476837158,2,0,13,44.168609619140625,7911.4150390625,218.50004625320435,13049,17,6.5,2,0,11,44.86948776245117,15115.4287109375,261.25,16764,17,23.999998092651367,9,0,7,46.80909729003906,22835.265625,389.0,8046,13,0.0,1,2,14,113.6847915649414,4828.39208984375,37.0,646,1,9,1,2
14,2023-03-13,75003,1468,VIT,Photon,Bo,Perkz,Upset,Kaiser,12254,15,4.0,5,0,9,29.5640926361084,15381.2041015625,235.99999618530273,10518,13,11.0,11,0,5,53.04296112060547,20001.357421875,206.80004119873047,8969,14,0.0,0,1,10,20.09701919555664,15076.021484375,204.0,12283,14,10.0,5,0,9,26.05897331237793,14821.482421875,249.19999885559082,7350,11,0.0,1,2,16,93.55956268310547,4098.7373046875,31.0,484,2,10,1,2
18,2023-03-18,72355,1872,VIT,Photon,Bo,Perkz,Upset,Kaiser,13424,17,2.5,4,3,5,37.97685623168945,15472.16015625,261.0,10068,15,7.600000381469727,4,2,3,53.01432418823242,5990.7470703125,234.4000644683838,12233,17,11.599998474121094,2,1,4,32.45976257324219,13015.931640625,328.1999969482422,16196,15,15.599998474121094,3,1,7,65.89282989501953,26380.740234375,363.2000102996826,8801,12,0.0,1,0,10,83.4692611694336,5417.8798828125,14.0,714,1,9,1,5
24,2023-03-19,78163,1873,VIT,Photon,Bo,Perkz,Upset,Kaiser,12863,16,0.0,3,6,5,34.32743453979492,23885.39453125,254.0,8285,14,0.0,0,6,3,48.782527923583984,13353.912109375,245.40007781982422,12603,16,0.0,4,4,1,32.24331283569336,28028.888671875,281.0,11929,14,0.0,2,2,0,48.038909912109375,15401.2490234375,318.5999984741211,6414,11,0.0,0,4,3,74.92367553710938,4059.7529296875,32.0,544,0,3,0,2
27,2023-03-20,69302,1828,VIT,Photon,Bo,Perkz,Upset,Kaiser,14620,16,4.0,6,3,2,27.18925666809082,24923.69140625,269.0,8639,13,12.0,1,5,5,39.5267219543457,5208.21142578125,238.10005950927734,9814,15,0.0,0,3,9,49.073265075683594,10595.3740234375,229.0,13281,16,0.0,4,2,2,57.17472457885742,13836.1005859375,314.0,7204,11,0.0,0,4,11,98.21208953857422,3268.9287109375,41.0,559,0,4,0,1
32,2023-03-25,69579,2505,VIT,Photon,Bo,Perkz,Upset,Kaiser,17610,18,12.0,3,0,7,46.75912094116211,18075.119140625,394.2999997138977,14568,18,37.5,5,3,7,62.2337532043457,14475.3310546875,385.7999267578125,15064,18,5.0,0,3,6,41.61821365356445,16177.400390625,339.99999618530273,18536,18,0.0,6,2,5,56.733150482177734,32105.31640625,410.2999954223633,10115,14,0.0,1,3,11,115.89166259765625,8332.5107421875,14.0,883,2,10,2,3
38,2023-03-26,68544,2291,VIT,Photon,Bo,Perkz,Upset,Kaiser,13076,18,0.0,3,4,4,40.94376754760742,14166.6953125,266.5,14145,17,6.5,4,3,7,69.36690521240234,16549.59375,343.70003509521484,14551,18,2.5,2,5,8,28.74225616455078,22416.158203125,294.0,20380,18,7.700000286102295,11,1,6,66.22649383544922,29958.296875,472.2000346183777,9427,15,0.0,0,0,18,113.2998046875,3850.863037109375,39.0,804,1,8,1,4
44,2023-03-27,72435,1613,VIT,Photon,Bo,Perkz,Upset,Kaiser,11775,16,2.5,3,1,6,39.802303314208984,15991.025390625,276.5,10421,13,4.900000095367432,5,0,7,47.18004608154297,9756.0830078125,221.7500138282776,11625,16,6.5,4,0,7,20.276748657226562,20056.439453125,290.70000076293945,13404,14,6.800000190734863,5,0,5,52.3077507019043,12645.86328125,294.6999921798706,6753,11,0.0,0,0,12,63.36391830444336,2590.696533203125,23.0,656,1,9,1,4
46,2023-04-08,58379,1994,VIT,Photon,Bo,Perkz,Upset,Kaiser,11243,16,0.0,1,1,9,48.24366760253906,11451.0078125,219.5,9740,14,2.4000000953674316,0,6,12,48.723575592041016,8434.734375,184.800039768219,16220,18,0.0,6,0,8,33.9506950378418,19170.009765625,328.04999923706055,17386,17,8.100000381469727,9,0,6,41.35139465332031,31231.3359375,389.100004196167,9086,13,0.0,2,0,13,84.1129379272461,3524.326904296875,22.0,762,3,10,2,1
47,2023-04-08,61881,2016,VIT,Photon,Bo,Perkz,Upset,Kaiser,12946,16,4.5,5,2,7,39.431461334228516,15451.46484375,261.49999618530273,11583,14,4.400000095367432,5,4,9,40.605743408203125,13998.3115234375,257.70004892349243,12821,16,0.0,7,0,8,40.51780319213867,16189.841796875,262.0,12968,15,0.0,2,1,12,42.93626403808594,12856.8681640625,283.5999984741211,7535,12,0.0,2,2,12,84.2484130859375,5490.23779296875,30.0,780,1,7,1,2
56,2023-04-10,58109,1838,VIT,Photon,Bo,Perkz,Upset,Kaiser,15806,17,0.0,8,4,11,43.479637145996094,24259.978515625,257.0,15686,17,16.5,11,3,14,36.687801361083984,22949.06640625,326.00000762939453,11491,16,0.0,2,4,19,31.1667423248291,24928.623046875,176.0,14355,15,5.600000381469727,7,4,7,54.07854080200195,18994.7265625,247.89999198913574,7356,13,0.0,0,3,13,69.21583557128906,6985.0263671875,38.80000001192093,646,1,8,2,4
57,2023-04-10,61192,1404,VIT,Photon,Bo,Perkz,Upset,Kaiser,8835,14,0.0,0,3,9,18.304248809814453,8955.919921875,165.0,13244,15,14.5,12,2,12,29.439804077148438,23729.70703125,298.00003814697266,10881,15,0.0,7,0,11,21.5379638671875,17128.373046875,169.0,12354,15,4.0,6,0,6,40.14565658569336,13005.96484375,259.99999809265137,7347,12,0.0,1,0,20,65.16405487060547,4529.6240234375,32.0,539,1,9,1,2
70,2023-04-17,58399,2206,VIT,Photon,Bo,Perkz,Upset,Kaiser,13257,17,2.0,0,3,0,55.21051788330078,10366.7607421875,335.5,9837,14,11.999998092651367,0,3,0,49.2933349609375,5337.869140625,295.7500286102295,13773,17,2.5,0,3,0,41.74065399169922,11215.26953125,367.5,14647,16,0.5,0,0,0,60.70865249633789,13972.0556640625,419.7500114440918,7399,11,0.0,0,2,0,109.3197021484375,1250.592041015625,37.0,676,1,7,0,1
71,2023-04-17,61815,2008,VIT,Photon,Bo,Perkz,Upset,Kaiser,12993,16,0.0,4,5,0,47.56920623779297,21761.65625,253.0,10470,14,12.0,3,7,3,42.3907470703125,10137.71484375,300.59999084472656,9417,15,0.0,0,6,7,32.23580551147461,14449.2333984375,197.0,14029,16,0.0,1,0,4,49.71542739868164,20287.318359375,360.0,7244,10,0.0,1,6,5,96.46678924560547,4642.0537109375,32.0,675,0,3,0,2
72,2023-04-17,65186,2349,VIT,Photon,Bo,Perkz,Upset,Kaiser,14150,17,8.200000762939453,0,3,5,52.477149963378906,15024.8115234375,309.9999990463257,9783,14,11.19999885559082,1,9,5,52.2385139465332,10226.05078125,210.00005912780762,15897,17,7.5,5,3,3,41.388858795166016,25280.154296875,324.5,15447,17,8.399999618530273,3,1,4,67.7436294555664,24666.255859375,458.90002250671387,6962,11,0.0,0,3,5,104.37084197998047,2848.11865234375,29.0,835,0,5,0,1
78,2023-04-22,58091,1894,VIT,Photon,Bo,Perkz,Upset,Kaiser,10026,15,0.0,1,3,0,10.831181526184082,3924.489013671875,247.0,7432,12,4.0,2,5,1,23.501171112060547,3851.74462890625,201.65005493164062,9670,14,0.0,2,8,2,29.37944793701172,10818.7607421875,212.0,11217,14,0.0,0,1,3,33.07337951660156,11354.8896484375,296.0,5772,12,0.0,0,4,4,49.59123611450195,3004.26171875,28.0,464,0,1,0,0
79,2023-04-22,61183,1702,VIT,Photon,Bo,Perkz,Upset,Kaiser,10604,15,0.0,4,3,9,23.26858139038086,20174.5703125,197.0,9775,14,6.5,2,3,13,49.380916595458984,9059.1337890625,244.00005340576172,14855,16,0.0,10,1,6,23.356386184692383,36760.921875,240.8499999642372,13068,15,9.600000381469727,6,0,6,45.383811950683594,21966.220703125,300.59999656677246,6831,11,0.0,1,4,13,72.1648178100586,5109.7177734375,26.0,548,1,9,1,4
80,2023-04-22,64187,2248,VIT,Photon,Bo,Perkz,Upset,Kaiser,12927,17,0.0,1,4,2,50.90736389160156,17992.75,288.0,11537,15,4.0,2,5,3,69.7793197631836,12936.3193359375,331.7500305175781,14514,18,1.600000023841858,0,4,4,41.54545974731445,21487.103515625,362.2000004053116,14820,16,0.0,3,2,2,60.219913482666016,16217.544921875,372.74999618530273,8146,12,0.0,2,3,5,106.9697036743164,5158.0029296875,31.0,732,0,2,0,1
81,2023-04-22,67695,1758,VIT,Photon,Bo,Perkz,Upset,Kaiser,8441,14,0.0,1,3,4,29.206771850585938,13020.140625,177.5,7416,11,0.0,0,6,5,37.75410079956055,7217.00390625,212.6000518798828,11471,15,0.0,3,3,2,48.014892578125,12907.7353515625,286.79999923706055,11195,13,0.0,3,2,2,37.15927505493164,10970.01171875,291.29999923706055,5898,11,0.0,0,2,5,70.41532135009766,4251.9326171875,30.0,598,0,2,0,2
3,2023-03-11,72509,1718,AST,Finn,113,LIDER,Kobbe,JeongHoon,12004,17,4.0,1,0,4,30.019895553588867,15793.8935546875,307.5,7950,13,0.0,2,0,2,57.11441421508789,8051.07763671875,141.25003051757812,11406,17,0.0,1,2,4,18.349451065063477,14572.6767578125,292.0,13210,15,0.0,4,0,3,41.88648986816406,14341.1982421875,293.5,7679,11,0.0,1,1,5,93.75811767578125,4192.81005859375,39.0,729,1,7,1,3
8,2023-03-12,75130,2001,AST,Finn,113,LIDER,Kobbe,JeongHoon,12798,17,2.5,3,4,7,51.55561065673828,16784.841796875,229.5,11517,14,17.999998092651367,3,4,13,47.35639953613281,11614.1953125,221.80004692077637,14913,17,0.0,5,5,7,31.170352935791016,28545.6015625,331.75,15851,16,0.0,9,3,7,41.89485549926758,24681.408203125,319.4500045776367,9197,13,0.0,3,4,14,103.3187484741211,5610.537109375,35.0,705,1,8,1,1
10,2023-03-13,61693,1465,AST,Finn,113,LIDER,Kobbe,JeongHoon,7803,13,0.0,0,3,4,16.04397964477539,8269.6650390625,178.5,7143,11,0.0,2,4,4,32.105751037597656,8216.068359375,202.7000274658203,8478,13,0.0,2,6,3,11.322076797485352,11035.375,192.0,9548,14,0.0,1,1,2,20.883644104003906,7103.40380859375,224.80000001192093,5524,8,0.0,1,5,1,102.50428009033203,3478.232421875,35.0,457,0,2,0,1
15,2023-03-18,61709,1798,AST,Finn,113,LIDER,Kobbe,JeongHoon,9542,14,0.0,3,5,2,24.29418182373047,17394.6171875,171.5,9446,13,8.0,2,5,2,38.44044876098633,7517.2216796875,247.00005340576172,9905,15,0.0,0,2,3,16.963584899902344,12498.03515625,255.0,9017,12,0.0,0,7,5,25.0319766998291,10748.171875,200.99999809265137,6721,10,0.0,2,4,5,90.14344787597656,5478.99560546875,37.0,542,0,2,0,0
20,2023-03-19,61610,2081,AST,Finn,113,LIDER,Kobbe,JeongHoon,11948,16,0.0,2,1,8,52.17988586425781,16206.2578125,240.0,10072,14,6.5,2,2,7,48.3314208984375,11658.08203125,289.20003509521484,12173,16,0.0,3,5,5,37.85531997680664,17726.5078125,266.0,16099,16,0.0,6,1,5,59.9103889465332,22598.30859375,374.049991607666,7355,10,0.0,1,3,7,116.73615264892578,3608.505859375,32.0,790,0,4,0,4
27,2023-03-20,69302,1828,AST,Finn,113,LIDER,Kobbe,JeongHoon,10271,16,0.800000011920929,2,2,6,18.786901473999023,10515.9384765625,225.6000002026558,10810,14,14.599998474121094,2,2,12,70.05879211425781,9632.876953125,238.20003509521484,14144,17,0.0,5,1,6,36.33866500854492,18605.203125,277.0,13125,13,0.800000011920929,5,3,8,26.855981826782227,16675.34765625,218.59999734163284,9263,12,0.0,3,3,14,86.01626586914062,8106.189453125,13.0,734,2,10,1,3
30,2023-03-25,61778,1727,AST,Finn,113,LIDER,Kobbe,JeongHoon,10817,15,0.0,1,1,6,22.574247360229492,10666.2626953125,204.0,10592,14,8.5,3,1,9,62.684814453125,12925.8671875,200.95005798339844,13502,17,4.0,5,3,2,38.64937973022461,13144.7490234375,310.0,14630,15,0.0,5,0,8,41.97359848022461,24236.611328125,297.99999618530273,6963,11,0.0,0,3,11,86.91580963134766,3438.1962890625,37.0,713,1,10,1,3
35,2023-03-26,57510,1323,AST,Finn,113,LIDER,Kobbe,JeongHoon,8890,14,0.0,2,0,3,14.027435302734375,8735.6123046875,202.0,9291,11,8.0,6,1,6,29.861400604248047,8220.3330078125,177.7500228881836,12266,14,0.0,6,2,4,25.188941955566406,14204.0146484375,211.0,8761,12,4.0,2,0,6,14.725520133972168,7412.00537109375,189.99999856948853,6087,9,0.0,0,3,10,73.28145599365234,5939.66064453125,12.0,401,1,9,0,3
41,2023-03-27,61326,2234,AST,Finn,113,LIDER,Kobbe,JeongHoon,14415,17,4.0,7,2,6,48.81819152832031,17203.025390625,237.99999618530273,11737,15,0.0,2,6,20,53.930545806884766,12116.5595703125,218.25006866455078,18134,18,4.0,8,4,6,53.45648193359375,25409.07421875,349.25,18014,18,8.0,8,2,10,66.25685119628906,30142.8984375,415.00001525878906,9229,14,0.0,0,4,21,107.57755279541016,7759.12744140625,26.0,825,1,8,2,3
48,2023-04-08,65649,2042,AST,Finn,113,LIDER,Kobbe,JeongHoon,14859,17,4.0,1,2,7,35.6093635559082,24392.119140625,292.1999969482422,10006,14,10.0,2,2,9,36.388187408447266,13878.8935546875,208.4000473022461,13575,17,0.0,3,3,8,36.73200225830078,19835.15234375,312.29999923706055,17712,17,0.4000000059604645,6,0,6,69.44173431396484,31872.29296875,381.79999962449074,8081,13,0.0,1,4,7,120.12379455566406,5467.6875,37.0,798,1,7,1,3
49,2023-04-08,68967,1813,AST,Finn,113,LIDER,Kobbe,JeongHoon,10610,15,0.0,2,2,1,38.108673095703125,12950.5400390625,222.0,8883,13,0.0,1,5,6,26.499134063720703,8810.98046875,203.75003814697266,12077,16,0.0,3,6,2,22.090177536010742,15493.5625,275.5,11767,14,0.0,1,4,4,27.084518432617188,17153.169921875,300.0,6479,11,0.0,0,4,5,98.75225067138672,4207.3388671875,44.0,517,0,3,0,0
50,2023-04-08,71945,2737,AST,Finn,113,LIDER,Kobbe,JeongHoon,11127,16,0.0,1,2,8,40.400691986083984,10376.6103515625,204.0,11265,15,6.0,2,4,13,53.74889373779297,11145.814453125,212.2000274658203,17002,18,0.0,8,4,4,27.778108596801758,16526.001953125,365.00000190734863,15983,16,2.5,4,2,6,45.31272888183594,26876.65234375,317.5,8421,13,0.0,0,3,13,89.76841735839844,6432.876953125,34.0,768,2,9,2,3
56,2023-04-10,58109,1838,AST,Finn,113,LIDER,Kobbe,JeongHoon,12387,16,0.0,7,6,2,53.392879486083984,21356.53125,253.5,8583,13,0.0,2,7,11,25.96357536315918,8102.98388671875,174.25,11740,15,0.0,2,7,6,19.53290367126465,13649.7392578125,233.0,14946,14,0.0,6,4,3,36.83341979980469,22351.419921875,309.99999618530273,7482,12,0.0,0,4,14,90.11560821533203,5302.45751953125,32.0,591,0,4,0,1
57,2023-04-10,61192,1404,AST,Finn,113,LIDER,Kobbe,JeongHoon,8967,13,0.0,2,5,2,24.79561996459961,13074.67578125,160.0,6074,10,0.0,0,8,3,28.750736236572266,3084.9794921875,182.50003814697266,8716,14,0.0,3,5,1,15.746891021728516,10262.451171875,179.0,8208,12,0.0,0,3,0,15.610237121582031,6866.88720703125,244.99999618530273,5207,9,0.0,0,5,2,60.07278823852539,2031.789306640625,37.0,382,0,2,0,1
65,2023-04-16,58021,2289,AST,Finn,113,LIDER,Kobbe,JeongHoon,12037,18,0.0,0,4,2,43.947601318359375,10434.6923828125,276.5,10424,14,4.0,0,8,8,43.386539459228516,17720.408203125,223.00006103515625,14799,18,0.0,3,6,3,48.56536865234375,21496.646484375,317.0,17043,16,4.0,8,3,1,34.01312255859375,34197.046875,354.2999954223633,8309,13,0.0,0,8,8,106.78402709960938,5832.00341796875,28.0,670,0,4,2,1
66,2023-04-16,61585,1941,AST,Finn,113,LIDER,Kobbe,JeongHoon,11482,15,0.0,2,7,4,32.492759704589844,13032.6064453125,211.0,9189,14,6.500000476837158,0,7,10,34.2187614440918,14565.8212890625,248.10004472732544,13551,17,0.0,4,5,5,19.39560890197754,17531.615234375,290.0,18153,15,0.0,7,4,5,29.615745544433594,21076.453125,350.9000015258789,7157,13,0.0,0,5,11,99.8548812866211,4936.5,38.0,582,0,3,0,1
4,2023-03-11,76278,1434,G2,BrokenBlade,Yike,Caps,Hans Sama,Mikyx,10951,16,4.0,4,2,4,14.694425582885742,11627.62890625,203.0,9133,13,20.999998092651367,2,1,13,53.048362731933594,9308.7578125,234.75004386901855,9828,15,0.0,3,3,10,23.876747131347656,11796.8349609375,184.0,15338,13,2.0,9,0,2,27.856426239013672,19900.025390625,252.0,6671,11,0.0,1,3,8,75.48826599121094,4813.5908203125,39.0,299,1,9,1,3
8,2023-03-12,75130,2001,G2,BrokenBlade,Yike,Caps,Hans Sama,Mikyx,12655,16,4.0,4,4,6,28.107492446899414,15702.2158203125,272.0,9724,13,4.0,3,3,8,49.6937370300293,13508.083984375,254.80006408691406,10501,15,0.0,3,4,9,32.679134368896484,15047.0185546875,201.5,15403,16,0.0,8,6,7,22.862369537353516,29925.375,323.39999771118164,9563,12,0.0,2,6,12,122.96546936035156,18394.32421875,39.80000001192093,453,0,3,0,4
13,2023-03-13,71923,1540,G2,BrokenBlade,Yike,Caps,Hans Sama,Mikyx,11327,15,6.0,7,2,8,23.124881744384766,14988.2548828125,185.0,10201,14,8.0,2,3,18,50.23158264160156,12389.8798828125,224.50006103515625,12077,16,4.0,7,1,5,22.457799911499023,15419.5634765625,236.0,16846,15,9.600000381469727,8,1,8,20.198650360107422,22137.400390625,276.70000076293945,6307,10,0.0,0,5,9,71.22950744628906,4701.80419921875,36.0,409,2,10,1,3
19,2023-03-18,75931,1883,G2,BrokenBlade,Yike,Caps,Hans Sama,Mikyx,9858,15,0.0,2,4,3,38.51823806762695,15023.4169921875,220.5,9833,13,6.0,4,4,1,51.30147171020508,10790.4052734375,286.00008392333984,10769,15,10.5,1,3,6,32.352195739746094,16738.861328125,280.5,11831,15,0.0,3,3,1,40.37123489379883,10239.984375,304.0,7219,11,2.0,0,3,9,112.86231994628906,12942.466796875,24.0,382,0,1,0,2
24,2023-03-19,78163,1873,G2,BrokenBlade,Yike,Caps,Hans Sama,Mikyx,13309,16,0.0,7,4,8,40.761314392089844,13462.4833984375,173.0,12761,16,21.0,7,0,9,60.605262756347656,11845.654296875,313.5,13106,18,1.0,3,4,11,41.01054000854492,17028.4609375,277.5,14096,17,8.0,4,0,9,36.40912628173828,19745.30078125,363.99999809265137,8397,14,0.0,1,1,15,120.13565826416016,5277.08251953125,21.0,469,1,8,2,3
28,2023-03-20,72611,2083,G2,BrokenBlade,Yike,Caps,Hans Sama,Mikyx,15138,18,0.0,4,0,10,48.99749755859375,30598.3125,291.1999931335449,12904,16,8.0,5,1,9,55.52030563354492,12419.2001953125,299.50000762939453,13837,18,4.0,2,1,9,28.630298614501953,29831.40234375,323.5,15594,16,0.0,7,4,5,37.19485092163086,32648.8046875,283.5,9445,15,0.0,1,3,14,128.8937530517578,5731.203125,44.0,484,1,8,2,2
34,2023-03-25,77112,1737,G2,BrokenBlade,Yike,Caps,Hans Sama,Mikyx,11832,16,4.0,5,0,7,35.8580207824707,16486.853515625,212.0,11552,15,17.299999237060547,5,2,9,48.25439453125,18364.091796875,238.10005569458008,14974,16,9.19999885559082,3,2,8,34.69907760620117,29656.123046875,273.39999771118164,14053,15,10.5,4,2,10,49.238037109375,18165.576171875,294.5,7474,13,0.0,0,5,13,79.6043701171875,7352.63427734375,35.0,377,3,11,2,3
39,2023-03-26,71629,1972,G2,BrokenBlade,Yike,Caps,Hans Sama,Mikyx,12632,18,0.0,2,3,9,31.27960968017578,13672.2021484375,253.0,11934,16,2.0,4,4,4,47.744869232177734,7635.5693359375,349.8000030517578,13339,18,0.0,2,6,5,20.596651077270508,19040.9140625,298.0,15927,16,0.5,5,4,4,31.455888748168945,22414.013671875,355.29999923706055,8170,14,0.0,2,6,8,129.30850219726562,10838.94921875,15.0,394,0,2,0,4
43,2023-03-27,69024,1701,G2,BrokenBlade,Yike,Caps,Hans Sama,Mikyx,15615,16,9.0,11,2,4,33.56106948852539,21573.0703125,239.0,10509,15,14.499998092651367,1,1,12,44.27325439453125,7970.392578125,290.00002098083496,13701,17,11.300000190734863,13,4,3,30.82588768005371,21839.583984375,198.85000038146973,12390,15,6.000000476837158,4,2,10,28.940752029418945,10471.8427734375,266.9999966621399,9927,13,0.0,4,2,21,123.31205749511719,17009.65625,20.0,445,3,11,1,4
53,2023-04-09,64504,1851,G2,BrokenBlade,Yike,Caps,Hans Sama,Mikyx,12991,16,0.0,7,2,6,43.071311950683594,19688.83203125,222.99999809265137,13911,16,31.699996948242188,8,0,14,41.594879150390625,29282.9453125,332.0000457763672,13672,17,8.0,3,5,10,54.537620544433594,14048.806640625,285.75,15434,17,4.800000190734863,3,0,8,42.58834457397461,14561.2333984375,357.5999994277954,9255,13,0.0,3,2,9,102.6728744506836,15532.486328125,24.40000009536743,521,2,10,1,4
54,2023-04-09,67781,1908,G2,BrokenBlade,Yike,Caps,Hans Sama,Mikyx,10108,15,4.0,0,4,1,28.37653923034668,8179.44775390625,256.0,10265,14,20.0,2,4,1,50.345787048339844,14968.69921875,343.00006103515625,11763,16,0.0,1,6,1,39.30830764770508,11238.0,290.0,12768,15,0.0,1,4,3,25.655107498168945,12826.6708984375,319.3999996185303,7022,12,0.0,2,4,1,122.64908599853516,3674.67236328125,48.0,378,0,2,0,1
55,2023-04-09,70996,1696,G2,BrokenBlade,Yike,Caps,Hans Sama,Mikyx,9492,15,4.0,4,3,3,23.719924926757812,10342.736328125,190.5,8734,13,20.0,1,5,7,34.28757858276367,7437.080078125,278.2000732421875,9692,15,0.0,1,4,4,29.39768409729004,14309.8876953125,231.0,10637,13,0.0,2,4,3,16.076560974121094,12252.5576171875,246.0,6248,10,0.0,1,8,5,71.77825927734375,5418.46630859375,14.0,299,0,2,0,3
63,2023-04-15,68039,1807,G2,BrokenBlade,Yike,Caps,Hans Sama,Mikyx,14819,17,0.0,7,2,9,33.184356689453125,32662.275390625,257.0,12683,16,22.899999618530273,4,2,9,46.897979736328125,14548.052734375,324.6499767303467,12075,17,3.3000001907348633,4,3,9,32.04844284057617,15288.484375,217.60000038146973,14268,15,0.5,5,2,9,38.351139068603516,26495.830078125,268.75,8637,14,0.0,2,1,14,96.15238189697266,6402.11865234375,18.0,487,2,11,1,3
64,2023-04-15,71153,1439,G2,BrokenBlade,Yike,Caps,Hans Sama,Mikyx,9743,15,0.0,1,3,10,20.118112564086914,14396.0224609375,183.0,11771,14,19.999998092651367,7,2,5,42.66502380371094,10437.7744140625,275.50004386901855,10088,15,0.0,5,5,3,31.063182830810547,12866.5595703125,178.0,11597,14,0.0,2,1,8,23.73074722290039,5619.77587890625,228.0,9614,13,0.0,3,1,9,71.0073471069336,11257.1259765625,26.0,377,3,10,1,3
67,2023-04-16,65141,1687,G2,BrokenBlade,Yike,Caps,Hans Sama,Mikyx,10149,15,0.0,2,2,1,35.62162399291992,10012.4833984375,225.0,9199,13,21.19999885559082,1,4,2,40.585487365722656,10272.943359375,297.399995803833,10473,14,0.0,2,6,1,53.00407409667969,9318.0673828125,217.5,11699,13,0.0,2,2,3,23.495180130004883,16558.41015625,287.00000190734863,6098,12,0.0,0,2,7,68.12997436523438,4185.85205078125,10.0,371,0,5,0,4
68,2023-04-16,68056,1299,G2,BrokenBlade,Yike,Caps,Hans Sama,Mikyx,10679,13,0.0,4,0,10,20.918781280517578,14061.2861328125,150.0,11861,13,37.999996185302734,7,1,7,38.9088249206543,9634.275390625,300.49999618530273,7930,12,1.0,4,1,6,35.79032516479492,6172.58984375,143.0,9164,12,0.0,1,0,4,28.58457374572754,6523.271484375,211.0,5354,8,0.0,1,2,5,52.86730194091797,3175.376708984375,31.5,361,2,9,0,2
69,2023-04-16,70635,2141,G2,BrokenBlade,Yike,Caps,Hans Sama,Mikyx,13043,18,0.0,2,4,7,36.48638916015625,15552.6826171875,287.0,13318,16,24.0,1,1,9,56.586368560791016,23963.263671875,280.75006103515625,16057,18,6.5,1,3,4,42.79524230957031,11417.755859375,410.8000011444092,18613,17,8.0,8,0,4,66.3141860961914,23999.59375,424.0,9145,13,0.0,2,4,10,108.80762481689453,7376.8916015625,35.0,558,2,10,2,4
73,2023-04-21,58251,1677,G2,BrokenBlade,Yike,Caps,Hans Sama,Mikyx,11453,16,4.0,2,1,12,36.8621940612793,20066.892578125,234.20000052452087,11529,14,10.5,5,0,11,64.63286590576172,11412.537109375,261.1500244140625,12488,16,0.0,5,4,9,36.62270736694336,12160.779296875,239.5,13275,15,0.0,8,1,9,23.278545379638672,21777.05078125,272.49999809265137,6863,12,0.0,0,2,13,86.05303955078125,4217.64892578125,32.0,463,1,8,1,3
74,2023-04-21,61302,5195,G2,BrokenBlade,Yike,Caps,Hans Sama,Mikyx,11994,16,0.0,2,4,2,44.685768127441406,10198.3095703125,261.0,10444,14,20.999996185302734,1,1,2,57.58165740966797,12966.27734375,283.70004653930664,13072,18,6.5,2,3,1,31.007755279541016,11841.857421875,341.5,14086,15,4.0,4,3,4,24.107297897338867,17958.0859375,341.29999351501465,6887,12,0.0,0,4,6,117.23661041259766,5588.4677734375,40.0,552,0,5,0,3
75,2023-04-21,67811,1547,G2,BrokenBlade,Yike,Caps,Hans Sama,Mikyx,9106,13,0.0,5,3,1,27.40772819519043,7777.7724609375,169.0,8497,12,15.699996948242188,3,8,3,32.094173431396484,9236.18359375,240.20003509521484,10219,13,0.800000011920929,1,5,8,16.768611907958984,19490.97265625,187.60000002384186,9812,12,0.0,2,4,3,35.73776626586914,12895.9130859375,230.20000076293945,5949,9,0.0,0,5,8,70.84646606445312,4630.58642578125,29.0,403,0,2,0,0
76,2023-04-21,70679,1855,G2,BrokenBlade,Yike,Caps,Hans Sama,Mikyx,13081,17,0.800000011920929,6,1,4,28.838394165039062,25129.84375,235.6000002026558,13626,15,24.499998092651367,7,3,5,41.93813705444336,16602.3671875,287.5000514984131,11019,16,0.0,2,2,4,30.093605041503906,9833.3251953125,217.0,16076,16,10.5,6,0,7,42.90909957885742,26079.1640625,318.5,9018,14,0.0,1,0,14,95.87858581542969,5731.7607421875,34.0,558,3,9,2,4
77,2023-04-21,73857,1649,G2,BrokenBlade,Yike,Caps,Hans Sama,Mikyx,8595,14,0.0,0,4,3,20.30034828186035,9696.505859375,211.25,8088,12,2.0,0,4,7,43.495201110839844,5672.330078125,230.25005340576172,9161,14,0.0,1,4,2,38.11383056640625,13952.767578125,215.5,11461,13,0.0,5,1,3,34.155059814453125,14706.2548828125,272.99999618530273,6484,10,0.0,2,3,4,83.14775848388672,4617.859375,32.0,466,0,2,0,1
1,2023-03-11,65516,2170,SK,Irrelevant,Markoon,Sertuss,Exakick,Doss,14953,18,2.5,2,0,9,45.533775329589844,14524.1826171875,356.5,10255,16,16.0,0,1,9,46.46118927001953,4379.24658203125,332.8000030517578,16769,18,2.5,8,1,3,33.82476806640625,27284.95703125,305.25,16357,18,0.0,5,4,8,33.07125473022461,12907.9228515625,424.40000915527344,8486,13,0.0,1,1,13,121.72652435302734,5805.07177734375,44.80000001192093,525,1,8,1,4
7,2023-03-12,71430,2010,SK,Irrelevant,Markoon,Sertuss,Exakick,Doss,14449,17,0.0,6,1,7,49.160133361816406,14323.07421875,279.5,10955,15,14.399999618530273,3,0,10,48.575523376464844,11016.359375,237.80002403259277,16482,18,4.0,8,0,5,33.104286193847656,20355.822265625,372.0,14445,17,11.999998092651367,2,1,1,44.01125717163086,13916.416015625,396.24999618530273,7525,12,0.0,0,4,11,91.28792572021484,1522.85009765625,31.0,575,1,9,1,3
10,2023-03-13,61693,1465,SK,Irrelevant,Markoon,Sertuss,Exakick,Doss,10428,15,4.0,1,1,10,37.562278747558594,15467.15234375,212.5,12125,14,20.999998092651367,13,0,4,27.908458709716797,13209.810546875,256.70006370544434,9545,15,0.0,2,2,12,18.991016387939453,12124.01953125,182.0,11105,14,4.0,2,1,5,35.58899688720703,8491.5732421875,250.0,6810,11,0.0,1,2,16,69.03850555419922,6232.56640625,33.0,464,1,8,1,2
18,2023-03-18,72355,1872,SK,Irrelevant,Markoon,Sertuss,Exakick,Doss,10912,16,0.0,1,4,3,33.10296630859375,16399.505859375,238.30000019073486,9543,13,4.0,4,4,2,29.093172073364258,6679.58154296875,248.300048828125,9332,15,0.0,0,1,3,60.258419036865234,12640.0888671875,229.79999995231628,11817,14,0.0,2,2,3,43.4022102355957,17140.662109375,291.4000005722046,6055,11,0.0,0,3,4,67.3161849975586,4596.3046875,11.0,403,0,2,0,0
23,2023-03-19,73857,2484,SK,Irrelevant,Markoon,Sertuss,Exakick,Doss,11871,17,0.0,1,2,2,27.63994789123535,12656.810546875,276.5,10650,15,0.0,3,5,2,54.37862014770508,8416.8779296875,241.40006256103516,13727,18,0.5,2,6,2,40.72797775268555,16520.9296875,326.99999618530273,18762,17,0.0,4,2,1,69.11149597167969,22822.013671875,460.59999084472656,8272,14,0.0,1,3,5,122.20185852050781,6035.61572265625,41.0,705,0,4,1,2
25,2023-03-20,61692,1852,SK,Irrelevant,Markoon,Sertuss,Exakick,Doss,11117,16,8.999999046325684,1,0,4,37.24748611450195,7532.05078125,271.24999713897705,8803,14,22.5,0,0,4,50.326316833496094,5959.099609375,237.20003128051758,12154,16,0.0,3,0,2,33.74323272705078,13125.3955078125,265.0,15098,15,0.0,1,0,3,49.102500915527344,13032.2333984375,354.1999912261963,8080,12,0.0,1,0,5,81.09427642822266,4637.24267578125,13.0,615,1,8,1,4
34,2023-03-25,77112,1737,SK,Irrelevant,Markoon,Sertuss,Exakick,Doss,9854,14,0.0,3,4,3,22.294307708740234,17698.03515625,205.0,8288,12,4.000000476837158,3,5,7,57.66093826293945,12452.7197265625,200.7000584602356,10246,15,0.0,4,4,2,32.9069938659668,10977.47265625,214.0,10890,14,0.0,1,1,5,41.120365142822266,13903.3916015625,282.00000047683716,6421,11,0.0,0,3,11,69.75562286376953,5394.4482421875,40.0,466,0,3,0,1
36,2023-03-26,60872,2104,SK,Irrelevant,Markoon,Sertuss,Exakick,Doss,10825,16,0.0,1,6,5,30.74983787536621,16435.498046875,243.0,10181,15,0.0,3,4,5,36.56086349487305,9430.8349609375,279.90001678466797,11973,17,0.0,1,4,4,33.76479721069336,16104.154296875,290.0,16351,16,0.0,6,2,3,80.08211517333984,23484.90234375,401.5999984741211,6561,12,0.0,0,7,6,74.6353988647461,3377.98681640625,17.0,588,0,3,0,1
42,2023-03-27,65601,1951,SK,Irrelevant,Markoon,Sertuss,Exakick,Doss,11921,15,12.0,1,6,1,46.287471771240234,10483.94140625,289.5000057220459,8657,13,8.0,1,4,6,36.449012756347656,9810.1923828125,238.7000961303711,11613,15,0.0,4,5,2,43.33186340332031,19648.638671875,271.04999923706055,12152,14,0.0,0,5,7,54.39216995239258,18733.974609375,302.0,6674,11,0.0,1,6,4,78.63007354736328,4161.90283203125,29.0,546,0,4,0,1
51,2023-04-09,58029,1843,SK,Irrelevant,Markoon,Sertuss,Exakick,Doss,9969,14,0.0,2,4,3,25.97308921813965,17107.3984375,196.0,10113,13,0.0,4,4,2,45.446189880371094,7715.1083984375,251.9000244140625,11018,16,0.0,1,2,5,35.93844985961914,9876.2119140625,273.5,12462,15,0.0,2,2,2,41.77117919921875,14581.4072265625,315.0999984741211,5663,10,0.0,0,4,2,80.22859191894531,1829.4200439453125,31.0,567,0,1,0,0
52,2023-04-09,61148,1747,SK,Irrelevant,Markoon,Sertuss,Exakick,Doss,10840,15,8.0,1,2,3,31.67411994934082,11724.890625,244.0,9378,13,0.0,0,2,2,43.95149230957031,6949.9794921875,268.550048828125,10653,15,0.0,3,2,2,27.6917667388916,15384.9453125,240.0,11206,14,0.0,2,3,1,41.9769287109375,11202.0966796875,257.0,6135,10,0.0,0,4,4,78.17322540283203,3330.70556640625,12.0,484,0,5,0,0
63,2023-04-15,68039,1807,SK,Irrelevant,Markoon,Sertuss,Exakick,Doss,9042,14,0.0,2,7,0,22.977100372314453,6975.07568359375,198.80000001192093,9414,14,4.0,3,5,3,36.85325241088867,11086.9716796875,280.7000198364258,9910,15,0.0,1,4,6,38.81727600097656,18569.0078125,242.0,12563,14,1.2000000476837158,3,4,3,73.47987365722656,19954.75,290.0000002384186,6699,12,0.0,1,2,7,68.34444427490234,5966.46923828125,13.0,483,0,1,0,2
64,2023-04-15,71153,1439,SK,Irrelevant,Markoon,Sertuss,Exakick,Doss,8089,13,0.0,0,5,8,23.232894897460938,17023.99609375,189.0,8179,11,4.0,3,6,7,34.206260681152344,9085.091796875,179.00003051757812,8561,14,0.0,6,4,3,25.798913955688477,9980.283203125,170.0,9595,13,0.0,3,2,2,26.261764526367188,14994.2724609375,230.0,4834,10,0.0,0,2,7,64.34659576416016,4266.212890625,6.0,392,0,0,0,0
3,2023-03-11,72509,1718,KOI,Szygenda,Malrang,Larssen,Comp,Trymbi,9841,15,0.0,0,1,2,46.93229293823242,6853.9609375,260.0,8015,13,0.0,2,2,1,35.84369659423828,6112.861328125,253.00008392333984,9742,16,0.0,0,1,3,23.199512481689453,10060.95703125,248.0,10620,14,0.0,1,2,1,30.66462516784668,13090.15234375,283.0,5598,10,0.0,0,3,3,73.81932830810547,2944.027099609375,32.0,233,0,3,0,1
9,2023-03-12,78902,3114,KOI,Szygenda,Malrang,Larssen,Comp,Trymbi,20303,18,1.0,11,3,8,107.43246459960938,67712.8671875,365.5,12524,17,0.0,1,4,9,84.26209259033203,13930.3740234375,281.00006103515625,17728,18,0.0,4,4,6,42.02943420410156,29328.455078125,350.0,21509,18,0.0,2,4,12,88.44537353515625,43734.86328125,450.0,12008,16,0.0,2,5,14,174.16717529296875,12289.3291015625,23.0,596,3,9,2,3
12,2023-03-13,68223,1827,KOI,Szygenda,Malrang,Larssen,Comp,Trymbi,11668,16,0.0,2,3,1,49.428646087646484,19352.53125,288.5,7899,13,0.0,0,1,3,55.9066276550293,4784.841796875,234.30004119873047,10875,16,0.0,1,2,3,16.87990951538086,7427.5185546875,266.0,12895,14,0.0,2,0,3,24.65501594543457,9987.8662109375,281.0,6067,11,0.0,1,3,4,71.02296447753906,2507.408935546875,7.0,221,0,1,0,0
19,2023-03-18,75931,1883,KOI,Szygenda,Malrang,Larssen,Comp,Trymbi,15050,17,4.0,4,0,4,53.35792922973633,23253.189453125,273.0,9494,14,2.5,1,4,12,42.50664520263672,9519.734375,224.5000457763672,12367,17,0.0,4,1,9,43.61919021606445,18132.8359375,231.5,14894,16,0.0,7,0,5,33.17877960205078,15882.15625,295.99999618530273,7494,11,0.0,1,5,10,86.35845184326172,3810.5361328125,35.0,339,2,8,1,2
23,2023-03-19,73857,2484,KOI,Szygenda,Malrang,Larssen,Comp,Trymbi,14107,18,2.5,2,2,3,50.59002685546875,19252.4609375,286.75,12023,17,10.5,2,2,13,51.212623596191406,8213.62109375,305.54998779296875,15145,18,0.0,7,2,4,50.49525451660156,20554.98828125,311.1999988555908,19351,18,8.0,7,1,7,55.254615783691406,37650.74609375,433.25,8754,14,0.0,0,4,12,132.2439727783203,4804.287109375,44.0,375,3,11,1,4
29,2023-03-20,76337,1927,KOI,Szygenda,Malrang,Larssen,Comp,Trymbi,12041,16,4.0,1,4,2,31.251094818115234,13115.46875,275.0,7716,13,8.0,0,5,1,45.267364501953125,5020.82080078125,233.40003204345703,12056,16,0.0,1,3,1,19.879549026489258,7429.57080078125,242.0,13955,15,0.0,3,3,0,42.20631790161133,5768.04638671875,359.09999656677246,6699,11,0.0,0,5,3,80.6606216430664,1917.79345703125,35.0,238,0,2,0,1
31,2023-03-25,64640,2809,KOI,Szygenda,Malrang,Larssen,Comp,Trymbi,16667,18,4.0,4,3,4,85.45014190673828,23603.236328125,346.5,13275,17,10.5,2,3,7,72.30654907226562,10513.654296875,302.0000915527344,18454,18,0.0,5,1,3,38.87375259399414,42939.0625,387.0,18523,18,0.0,3,3,8,79.39979553222656,24697.783203125,392.99999618530273,10494,14,0.0,1,3,11,118.3722152709961,5989.2900390625,13.0,353,2,10,1,2
37,2023-03-26,64611,2389,KOI,Szygenda,Malrang,Larssen,Comp,Trymbi,15523,18,0.0,1,4,5,49.04475402832031,16358.8427734375,344.75,11273,15,4.0,2,4,5,67.13726043701172,5707.0390625,222.10003662109375,20316,18,0.0,4,3,2,37.94513702392578,37605.31640625,449.99999618530273,15919,17,0.0,0,5,5,56.07223892211914,16303.7529296875,377.0,9087,13,0.0,1,6,3,165.90272521972656,11745.5,34.0,285,0,7,1,1
44,2023-03-27,72435,1613,KOI,Szygenda,Malrang,Larssen,Comp,Trymbi,9224,14,0.0,0,3,1,23.733678817749023,3925.747802734375,231.0,6678,12,2.5,0,4,0,40.42734146118164,5477.6025390625,205.5000457763672,9077,14,0.0,0,2,0,16.772981643676758,10257.220703125,267.0,8693,13,0.0,0,3,0,26.364290237426758,7399.130859375,245.10000038146973,5149,8,0.0,1,5,0,53.392127990722656,3295.761474609375,21.0,153,0,1,0,0
53,2023-04-09,64504,1851,KOI,Szygenda,Malrang,Larssen,Comp,Trymbi,13006,16,0.0,3,5,2,58.8518180847168,21338.056640625,246.25,8731,13,0.0,1,4,6,50.13359069824219,8216.337890625,179.80001831054688,11453,17,0.0,2,7,4,14.355254173278809,10179.8076171875,244.0,11720,16,0.0,1,1,0,36.67293167114258,7618.9208984375,326.3999881744385,7234,11,0.0,2,7,5,74.54547882080078,3544.9853515625,32.0,221,0,3,1,0
54,2023-04-09,67781,1908,KOI,Szygenda,Malrang,Larssen,Comp,Trymbi,16593,18,0.0,7,0,8,58.168949127197266,24338.66796875,304.99999618530273,11672,15,12.399999618530273,4,0,12,60.685543060302734,7693.6005859375,245.30004692077637,14513,18,0.0,6,2,12,34.15074920654297,20883.982421875,264.0,15254,17,4.900000095367432,5,2,9,33.352386474609375,16848.568359375,338.79999017715454,8728,13,0.0,0,2,17,95.99751281738281,2629.360107421875,36.25,328,1,9,2,2
55,2023-04-09,70996,1696,KOI,Szygenda,Malrang,Larssen,Comp,Trymbi,9752,14,0.0,1,4,12,50.09839630126953,16546.033203125,180.0,11640,14,16.0,6,3,9,34.966487884521484,13208.298828125,216.50001525878906,11233,15,0.0,5,0,8,20.515178680419922,12844.697265625,204.0,16870,16,6.900000095367432,12,0,12,35.60944366455078,23378.93359375,331.2999920845032,7732,13,0.0,0,2,19,73.77558898925781,4894.5498046875,30.0,269,1,8,1,1
58,2023-04-10,64133,1762,KOI,Szygenda,Malrang,Larssen,Comp,Trymbi,10829,14,0.0,2,5,4,29.892244338989258,14965.375,227.0,8127,13,0.0,2,5,4,46.01173782348633,9586.80078125,203.90000915527344,8558,14,0.0,1,6,3,14.791865348815918,8648.0263671875,193.5,11354,14,4.000000476837158,3,4,3,31.69505500793457,14781.580078125,273.39999437332153,6339,10,0.0,1,6,7,68.7765884399414,4781.7109375,27.0,216,0,2,0,0
59,2023-04-10,67235,1707,KOI,Szygenda,Malrang,Larssen,Comp,Trymbi,9706,14,0.0,0,4,7,20.99004364013672,18643.158203125,201.5,8070,12,10.0,1,5,6,43.24761199951172,11110.9609375,188.85004425048828,11447,14,0.0,7,4,1,22.228652954101562,12504.8017578125,226.79999923706055,10880,14,0.0,3,3,3,37.12558364868164,21865.611328125,272.1000003814697,6318,10,0.0,0,7,8,78.68639373779297,9226.0517578125,14.0,257,0,2,0,0
67,2023-04-16,65141,1687,KOI,Szygenda,Malrang,Larssen,Comp,Trymbi,12668,16,0.0,3,1,5,42.881710052490234,15544.966796875,264.0,8832,14,2.5,2,2,5,73.74646759033203,7811.791015625,224.40003967285156,13259,16,0.0,8,0,6,23.997482299804688,26350.328125,253.60000038146973,11663,14,0.0,3,2,5,38.88116455078125,11667.970703125,240.60000002384186,6891,12,0.0,0,2,11,70.21019744873047,3200.49462890625,14.0,263,1,7,1,0
68,2023-04-16,68056,1299,KOI,Szygenda,Malrang,Larssen,Comp,Trymbi,6523,11,0.0,1,6,1,22.88730239868164,6269.64892578125,146.0,5283,10,0.0,0,4,2,18.348447799682617,2488.793701171875,146.6000213623047,7245,12,0.0,2,2,0,19.846811294555664,7605.11962890625,174.40000009536743,7097,11,0.0,0,2,1,17.351451873779297,8835.3173828125,186.0,4649,8,0.0,1,3,1,39.986846923828125,3500.399658203125,8.0,188,0,0,0,0
69,2023-04-16,70635,2141,KOI,Szygenda,Malrang,Larssen,Comp,Trymbi,15215,18,0.0,3,3,6,53.162742614746094,27862.8203125,318.0,10133,14,7.200000286102295,2,5,6,61.81858825683594,10780.5849609375,227.65006589889526,13447,18,0.4000000059604645,4,2,2,29.08187484741211,15354.400390625,296.29999962449074,16209,16,4.0,2,1,2,55.349769592285156,27685.900390625,448.00000762939453,7886,13,0.0,1,3,5,117.42469787597656,3511.61181640625,41.0,297,0,3,0,1
4,2023-03-11,76278,1434,TH,Evi,Jankos,Ruby,Jackspektra,Mersa,8750,13,0.0,1,4,3,23.181133270263672,10875.326171875,190.5,8735,12,8.0,5,5,2,46.113800048828125,10006.4677734375,206.50003051757812,9521,13,0.0,1,5,2,17.479536056518555,11223.4072265625,188.0,9023,13,0.0,2,2,1,14.860776901245117,9844.70703125,205.0,4837,8,0.0,0,3,1,57.517051696777344,2106.46923828125,31.0,279,0,1,0,0
9,2023-03-12,78902,3114,TH,Evi,Jankos,Ruby,Jackspektra,Mersa,17593,18,0.0,6,4,4,61.26922607421875,26111.33984375,371.9000129699707,17017,18,11.299999237060547,7,3,10,65.74122619628906,26788.150390625,406.0499687194824,17685,18,3.200000047683716,2,4,7,58.79659652709961,34280.71484375,376.89999508857727,20975,18,4.0,5,3,11,55.544715881347656,48374.984375,503.3999938964844,9943,16,0.0,0,6,16,134.71571350097656,8356.849609375,42.0,718,0,4,2,4
11,2023-03-13,64833,1902,TH,Evi,Jankos,Ruby,Jackspektra,Mersa,11382,17,0.0,1,2,2,40.49528503417969,7748.435546875,264.0,9866,13,0.0,3,3,3,43.59908676147461,9948.43359375,227.5000457763672,11039,15,0.0,2,4,7,46.312347412109375,22385.51171875,271.5,14052,16,0.0,6,3,3,35.01509094238281,16015.3173828125,353.99999237060547,6804,10,0.0,0,3,10,89.56837463378906,4132.69873046875,38.0,526,0,2,0,1
16,2023-03-18,65066,2265,TH,Evi,Jankos,Ruby,Jackspektra,Mersa,14854,18,0.0,5,5,10,33.95038986206055,26967.498046875,264.0,15566,18,18.799997329711914,8,3,15,62.584266662597656,25153.98046875,357.59996223449707,14090,17,8.799999237060547,3,4,9,39.53898620605469,42510.4453125,296.5999984741211,18092,18,4.0,8,1,10,54.30282974243164,31628.455078125,390.49999237060547,9691,15,0.0,2,4,20,168.68711853027344,7719.43505859375,42.0,632,2,8,2,4
22,2023-03-19,69067,2514,TH,Evi,Jankos,Ruby,Jackspektra,Mersa,10937,15,0.0,0,11,5,46.23857116699219,10626.716796875,216.0,13163,16,12.0,3,5,11,77.06556701660156,9162.001953125,341.8000030517578,15993,18,0.0,4,6,8,67.49877166748047,45027.921875,372.0,20218,17,0.0,7,4,5,61.47491455078125,31631.705078125,450.20000076293945,8378,14,0.0,0,5,12,102.42745971679688,3226.669677734375,13.0,585,0,2,0,2
26,2023-03-20,65189,2200,TH,Evi,Jankos,Ruby,Jackspektra,Mersa,14702,18,8.0,4,3,11,44.152374267578125,24239.015625,299.99999809265137,14300,17,4.800000190734863,7,3,11,72.80012512207031,13745.2216796875,367.0999574661255,16711,18,3.700000047683716,4,1,16,47.766334533691406,26044.498046875,334.89999985694885,18852,18,26.5,11,3,5,56.643245697021484,29386.78515625,415.0,9030,13,0.0,1,4,19,110.85123443603516,4143.63525390625,31.0,532,2,10,1,3
30,2023-03-25,61778,1727,TH,Evi,Jankos,Ruby,Jackspektra,Mersa,10548,17,0.0,1,3,4,29.68169403076172,12636.912109375,244.0,9723,13,4.400000095367432,3,5,4,39.531429290771484,4412.701171875,256.5500168800354,9497,15,0.0,2,1,2,28.0660457611084,7662.10986328125,239.0,11488,14,0.0,2,2,2,38.25010299682617,9545.2216796875,305.99999618530273,5765,10,0.0,0,3,4,99.80476379394531,2702.760986328125,28.0,404,0,1,0,2
38,2023-03-26,68544,2291,TH,Evi,Jankos,Ruby,Jackspektra,Mersa,15980,17,0.0,8,3,2,31.86005401611328,23122.9609375,271.5,10676,15,4.0,0,5,7,51.03303909301758,9608.30859375,255.4000701904297,12135,16,0.0,2,4,7,51.684303283691406,25595.220703125,234.0,15623,17,4.0,2,4,5,52.23257827758789,13673.4716796875,437.1000061035156,8022,13,0.0,0,4,8,123.78469848632812,4404.87890625,37.0,617,1,5,1,1
42,2023-03-27,65601,1951,TH,Evi,Jankos,Ruby,Jackspektra,Mersa,13119,17,0.0,4,1,11,21.813793182373047,10963.69921875,245.0,12032,16,8.0,5,0,15,60.76642608642578,11335.947265625,313.5000305175781,14726,17,0.0,10,0,12,53.54292297363281,32469.6171875,264.0,15256,16,0.0,7,2,13,40.71517562866211,21914.16015625,341.49999618530273,7650,12,0.0,0,4,18,109.68177795410156,5832.80322265625,27.0,537,1,8,1,4
45,2023-03-27,75639,2390,TH,Evi,Jankos,Ruby,Jackspektra,Mersa,11698,16,0.0,4,1,7,33.158203125,15952.7939453125,226.0,12556,16,14.499998092651367,5,4,9,45.782291412353516,15758.716796875,297.7500286102295,12036,17,0.0,3,4,10,35.985374450683594,18415.40625,261.0,16443,17,0.0,6,3,9,37.866912841796875,27108.498046875,360.99999618530273,7721,14,0.0,0,6,15,77.3680419921875,5242.5830078125,36.0,531,0,4,0,2
2,2023-03-11,69231,1697,MAD,Chasy,Elyoya,Nisqy,Carzzy,Hylissang,10241,15,0.0,1,3,1,20.544334411621094,12133.1845703125,246.5,8352,13,4.800000190734863,2,1,0,28.541208267211914,3508.744873046875,255.6000337600708,8405,13,0.0,0,4,1,35.471839904785156,8665.96484375,206.8000001013279,8967,13,0.0,0,6,0,31.003177642822266,9305.0849609375,233.0,5727,10,0.0,0,7,1,55.21851348876953,3037.057373046875,32.0,365,0,1,0,1
5,2023-03-12,61674,1940,MAD,Chasy,Elyoya,Nisqy,Carzzy,Hylissang,10650,16,0.0,2,5,1,31.041595458984375,10933.64453125,249.0,8377,14,6.000000476837158,1,6,2,47.66999053955078,5924.78466796875,238.30006456375122,13001,17,0.0,2,1,1,30.424694061279297,19605.015625,321.39999198913574,13603,15,0.0,1,2,0,60.7403450012207,19375.9453125,356.99999618530273,7040,11,0.0,0,7,5,84.63638305664062,5218.79638671875,36.0,429,0,4,0,1
12,2023-03-13,68223,1827,MAD,Chasy,Elyoya,Nisqy,Carzzy,Hylissang,12696,17,6.0,2,1,3,28.925914764404297,12089.1845703125,271.0,11086,15,23.899999618530273,3,1,5,58.953834533691406,4626.3720703125,285.8000011444092,12010,17,4.5,2,1,3,36.86849594116211,17158.267578125,361.00001525878906,14467,15,10.200000762939453,2,0,5,40.90523910522461,18649.62109375,351.3999996185303,6923,11,2.0,0,3,6,78.8923110961914,7989.70361328125,15.0,525,1,9,1,4
15,2023-03-18,61709,1798,MAD,Chasy,Elyoya,Nisqy,Carzzy,Hylissang,12461,16,0.0,3,2,9,30.760704040527344,17699.43359375,254.90000009536743,11797,14,12.0,7,1,11,65.74913024902344,18565.984375,234.00003814697266,12523,18,2.0,5,0,9,26.366199493408203,21007.9296875,270.5,14590,15,0.0,8,2,5,29.689603805541992,20122.64453125,283.1999969482422,7421,12,0.0,0,2,18,75.09663391113281,5124.92041015625,34.0,488,2,10,1,4
21,2023-03-19,65984,2116,MAD,Chasy,Elyoya,Nisqy,Carzzy,Hylissang,10691,15,0.0,0,5,1,31.48744010925293,7896.56591796875,246.25,9436,14,14.5,1,3,5,53.4028205871582,5997.7099609375,306.70001220703125,14141,18,0.0,1,4,6,37.28547668457031,23282.95703125,386.99999618530273,15328,16,6.400000095367432,5,2,0,46.693973541259766,47751.3046875,385.5999970436096,7100,12,0.0,0,4,5,103.89186096191406,4711.51953125,27.0,517,0,2,0,1
26,2023-03-20,65189,2200,MAD,Chasy,Elyoya,Nisqy,Carzzy,Hylissang,13452,17,0.0,2,4,7,37.29754638671875,11583.3447265625,263.0,11112,15,12.0,1,6,10,66.48835754394531,8607.3271484375,268.99998474121094,14764,18,0.0,4,6,4,35.5330696105957,16700.853515625,339.99999237060547,18550,17,0.0,7,4,4,73.67373657226562,35763.27734375,403.5,8373,14,0.0,0,7,7,101.00296020507812,9225.8486328125,37.0,608,0,3,1,2
33,2023-03-25,72961,1913,MAD,Chasy,Elyoya,Nisqy,Carzzy,Hylissang,11747,16,0.0,2,3,3,22.398693084716797,16662.8046875,250.80000019073486,9134,13,0.0,1,2,6,45.645957946777344,6606.3798828125,245.00006103515625,11939,16,0.0,3,5,2,37.902095794677734,14141.4921875,283.5999984741211,11796,14,0.0,1,3,4,35.67986297607422,16552.986328125,300.0999984741211,6387,11,0.0,0,8,3,80.47008514404297,3246.41845703125,45.0,553,0,3,0,0
36,2023-03-26,60872,2104,MAD,Chasy,Elyoya,Nisqy,Carzzy,Hylissang,14720,18,4.0,4,2,7,56.42871856689453,24464.845703125,316.99999809265137,14034,17,26.0,6,2,15,58.921669006347656,14676.93359375,289.5000534057617,13451,18,0.0,2,1,14,27.50269889831543,24025.326171875,271.49999809265137,17603,17,0.5,9,3,10,25.618715286254883,45636.14453125,328.99999618530273,10640,14,0.0,2,3,9,187.151611328125,8836.458984375,64.0,699,1,9,2,4
43,2023-03-27,69024,1701,MAD,Chasy,Elyoya,Nisqy,Carzzy,Hylissang,11366,14,0.0,2,7,3,39.750125885009766,15391.212890625,234.0,9063,14,2.5,4,6,5,29.387208938598633,12246.5947265625,222.10002899169922,9999,15,0.0,1,7,7,23.395368576049805,16097.880859375,228.79999923706055,11076,14,0.0,2,5,5,26.915224075317383,15438.75,244.0,6725,11,0.0,2,8,2,50.30364990234375,11878.478515625,33.0,384,0,3,0,0
45,2023-03-27,75639,2390,MAD,Chasy,Elyoya,Nisqy,Carzzy,Hylissang,11253,16,0.0,1,4,10,44.288089752197266,14050.361328125,188.0,10771,15,19.999998092651367,2,4,10,60.6064338684082,23411.369140625,246.50004386901855,12801,16,8.0,3,4,5,35.64561080932617,27033.693359375,290.49999809265137,20388,17,4.0,12,3,4,52.00054168701172,40948.0078125,357.9999942779541,9637,15,0.0,0,4,12,120.25547790527344,2680.511962890625,56.0,619,4,11,2,4
46,2023-04-08,58379,1994,MAD,Chasy,Elyoya,Nisqy,Carzzy,Hylissang,12711,17,6.500000476837158,2,2,3,51.847023010253906,20478.201171875,344.75000047683716,8567,14,15.599998474121094,0,4,6,33.79881286621094,6873.921875,245.20004272460938,12949,16,2.9000000953674316,4,5,2,30.740345001220703,16702.359375,287.7999997138977,12539,15,0.0,1,3,3,26.066028594970703,22120.97265625,319.0,6191,12,0.0,0,4,4,80.87267303466797,5737.185546875,9.0,647,0,3,0,3
47,2023-04-08,61881,2016,MAD,Chasy,Elyoya,Nisqy,Carzzy,Hylissang,9585,14,0.0,1,5,3,27.97376251220703,6596.93896484375,222.20000076293945,8750,13,4.0,2,2,5,49.53714370727539,6914.04833984375,246.00006866455078,13059,16,0.0,5,3,0,29.008413314819336,18635.62109375,282.49999618530273,11011,13,0.0,1,6,4,31.052162170410156,18018.9296875,277.0,6232,11,0.0,0,5,6,70.99137878417969,4412.2197265625,36.0,603,0,3,0,2
60,2023-04-15,58138,1814,MAD,Chasy,Elyoya,Nisqy,Carzzy,Hylissang,12957,16,4.0,4,2,7,58.37628936767578,19598.248046875,240.0,11242,15,2.5,2,0,9,41.760372161865234,7772.8046875,264.0000686645508,11413,17,0.0,3,1,9,39.953636169433594,13792.646484375,239.0,15216,16,4.0,6,1,2,56.846256256103516,15387.734375,348.99999809265137,7539,11,0.0,1,3,11,102.9163818359375,3552.12939453125,39.0,588,1,9,1,2
61,2023-04-15,61221,1756,MAD,Chasy,Elyoya,Nisqy,Carzzy,Hylissang,11555,15,0.0,3,2,3,30.56032371520996,7289.85400390625,239.65000104904175,8946,13,8.0,1,3,6,47.397865295410156,6000.0439453125,241.10003662109375,9696,15,0.0,1,3,4,22.360965728759766,10869.0458984375,230.0,13752,15,0.0,3,4,3,27.666465759277344,11457.4140625,328.1999969482422,6815,11,0.0,0,4,6,78.9776840209961,2993.572998046875,40.0,522,0,3,1,2
62,2023-04-15,64335,2181,MAD,Chasy,Elyoya,Nisqy,Carzzy,Hylissang,13952,18,0.0,6,5,20,29.693607330322266,18743.515625,238.5,14835,18,17.0,7,4,20,57.36687088012695,15170.6201171875,319.0000534057617,14824,18,0.0,4,6,24,43.367156982421875,22255.873046875,266.99999618530273,22295,17,16.0,19,5,8,45.90629577636719,52181.18359375,393.49999809265137,9729,16,0.0,2,7,27,91.13263702392578,5436.91796875,34.0,722,2,7,1,4
65,2023-04-16,58021,2289,MAD,Chasy,Elyoya,Nisqy,Carzzy,Hylissang,16841,18,4.0,3,2,12,48.35502624511719,29266.974609375,389.0,13228,17,14.100000381469727,4,2,16,69.51570892333984,10122.5849609375,279.0000629425049,17597,18,0.0,9,1,17,69.4977035522461,27429.50390625,268.0,20193,18,19.999996185302734,12,3,13,43.94560623168945,52375.2421875,447.2000198364258,9895,15,0.0,1,3,26,115.02930450439453,8020.3955078125,37.0,739,2,11,1,5
66,2023-04-16,61585,1941,MAD,Chasy,Elyoya,Nisqy,Carzzy,Hylissang,13979,18,0.0,2,1,13,25.690017700195312,20055.541015625,271.0,12069,16,14.499998092651367,3,4,21,58.09540557861328,12605.4521484375,253.0000057220459,15733,17,6.0,9,1,15,36.8352165222168,27647.919921875,288.99999809265137,18892,17,8.5,12,3,13,43.73502731323242,31519.677734375,347.0,8997,14,0.0,2,4,20,108.83396911621094,6948.498046875,37.0,673,5,11,2,4
73,2023-04-21,58251,1677,MAD,Chasy,Elyoya,Nisqy,Carzzy,Hylissang,7893,14,0.0,0,5,2,32.196434020996094,5767.96337890625,194.0,8442,13,12.0,3,4,2,32.67213439941406,4689.59814453125,238.7500762939453,10273,15,3.200000047683716,1,3,4,49.57866668701172,8123.4697265625,247.40000009536743,11000,13,0.0,3,5,2,32.19255065917969,17034.583984375,257.5,6023,11,0.0,1,3,5,74.67903900146484,3492.413818359375,32.25,455,0,2,0,1
74,2023-04-21,61302,5195,MAD,Chasy,Elyoya,Nisqy,Carzzy,Hylissang,14275,18,8.799999237060547,4,2,3,46.140769958496094,18998.619140625,289.5999984741211,12480,15,11.19999885559082,3,1,8,61.820350646972656,6517.9345703125,274.4000186920166,13123,18,4.0,3,3,2,36.096683502197266,13384.935546875,292.5,16423,17,0.0,4,3,6,53.6891975402832,18071.5546875,352.49999237060547,8737,13,0.0,1,1,9,142.43106079101562,3507.462890625,43.0,716,2,9,2,2
75,2023-04-21,67811,1547,MAD,Chasy,Elyoya,Nisqy,Carzzy,Hylissang,12505,14,0.0,8,3,9,46.27314758300781,26296.029296875,178.0,9780,13,2.5,3,3,16,38.17739486694336,6689.51806640625,181.00000762939453,10223,16,0.0,4,2,9,24.648391723632812,9264.658203125,183.0,13729,15,8.0,7,1,10,31.617828369140625,15857.8427734375,298.99999618530273,7392,12,4.0,3,2,9,62.723201751708984,5998.36279296875,36.0,524,1,9,1,4
76,2023-04-21,70679,1855,MAD,Chasy,Elyoya,Nisqy,Carzzy,Hylissang,10350,15,0.0,2,2,0,29.814189910888672,7442.20068359375,227.4000005722046,7986,13,4.0,0,4,4,48.30988311767578,6194.31591796875,205.00003051757812,11544,16,0.0,3,4,2,23.254484176635742,17013.013671875,259.0,12428,14,4.0,1,6,2,28.494035720825195,10819.6875,292.0,6443,12,0.0,0,6,4,81.27074432373047,1713.8609619140625,32.0,492,0,3,0,0
77,2023-04-21,73857,1649,MAD,Chasy,Elyoya,Nisqy,Carzzy,Hylissang,10345,15,0.0,0,2,9,29.152406692504883,10790.4169921875,207.75,11228,14,2.0,6,0,4,53.530242919921875,10699.873046875,269.00006103515625,9429,16,0.0,2,2,7,25.499221801757812,9040.6357421875,198.20000076293945,12769,14,0.0,6,0,5,27.51187515258789,22215.13671875,237.0,7500,11,0.0,2,4,4,93.43492126464844,4166.52197265625,38.80000001192093,530,1,6,1,3
78,2023-04-22,58091,1894,MAD,Chasy,Elyoya,Nisqy,Carzzy,Hylissang,11895,17,10.5,2,0,10,36.63159942626953,13302.22265625,272.00000047683716,11027,15,39.50000762939453,3,1,12,40.989646911621094,8761.3525390625,251.00001525878906,14552,15,9.800000190734863,13,1,8,30.683364868164062,25815.017578125,249.5999994277954,13712,16,4.0,3,0,10,41.536827087402344,13892.7841796875,304.50000190734863,7604,12,0.0,0,3,12,85.57443237304688,2754.541259765625,35.0,577,4,9,2,4
79,2023-04-22,61183,1702,MAD,Chasy,Elyoya,Nisqy,Carzzy,Hylissang,10266,14,0.0,2,5,5,21.465721130371094,12788.6591796875,202.75,8511,11,0.0,5,4,3,32.96635437011719,9569.72265625,189.60003662109375,8507,14,0.0,0,4,4,21.138395309448242,11823.017578125,208.0,10502,13,0.0,3,4,6,19.262882232666016,17006.759765625,260.1999969482422,6058,11,0.0,1,6,6,59.38347244262695,3033.50439453125,41.0,422,0,1,0,0
80,2023-04-22,64187,2248,MAD,Chasy,Elyoya,Nisqy,Carzzy,Hylissang,14802,18,4.0,3,1,7,39.511695861816406,9703.205078125,272.0,14844,18,23.999998092651367,5,0,9,71.41754913330078,15397.9638671875,405.7999324798584,15823,18,0.0,4,3,10,45.83827590942383,14079.9228515625,316.0,18996,18,4.0,6,2,2,52.17569351196289,22551.396484375,444.5000228881836,9134,14,0.0,0,2,8,130.02871704101562,5437.80322265625,47.0,702,1,9,3,4
81,2023-04-22,67695,1758,MAD,Chasy,Elyoya,Nisqy,Carzzy,Hylissang,14244,16,0.0,6,1,5,37.93739700317383,23242.23828125,245.40000009536743,11536,15,8.399999618530273,1,0,12,37.97400665283203,7839.04638671875,304.900053024292,13441,17,0.0,5,2,9,30.28603744506836,16203.9912109375,238.0,12577,15,4.0,4,2,2,40.28044128417969,17858.849609375,309.49999046325684,6734,10,0.0,0,2,7,85.88108825683594,2700.30224609375,32.0,564,3,11,1,3
82,2023-04-23,58511,2025,MAD,Chasy,Elyoya,Nisqy,Carzzy,Hylissang,11995,16,0.0,2,2,5,48.58528137207031,15360.9765625,249.0,12302,15,12.0,2,4,9,51.84757614135742,13836.6708984375,292.0000305175781,12257,16,0.0,2,5,10,32.61576843261719,25103.84765625,261.0,14956,15,3.5999999046325684,6,4,2,38.8394775390625,36335.66796875,357.19999074935913,7624,12,0.0,1,5,6,98.42817687988281,5664.376953125,41.0,581,0,5,1,2
83,2023-04-23,61837,2015,MAD,Chasy,Elyoya,Nisqy,Carzzy,Hylissang,14396,15,4.5,7,5,6,38.71672821044922,26873.939453125,234.0,9934,14,16.0,0,4,10,57.457645416259766,5757.15673828125,277.5000228881836,10050,14,0.0,3,6,6,33.157073974609375,26900.865234375,196.0,13984,15,8.0,8,4,6,15.783061027526855,35790.28515625,277.0,7619,11,0.0,1,6,9,93.87626647949219,11064.5654296875,24.0,620,0,6,1,2
84,2023-04-23,65139,1776,MAD,Chasy,Elyoya,Nisqy,Carzzy,Hylissang,13346,17,0.0,3,0,9,25.923316955566406,18062.966796875,263.0,10083,14,26.0,1,0,11,50.36610412597656,5826.5615234375,234.50003814697266,11349,16,5.200000286102295,2,2,11,36.763484954833984,13217.2255859375,257.3999991416931,14897,15,4.0,9,3,4,33.53546905517578,23550.943359375,314.49998664855957,7744,13,0.0,2,1,12,73.13175964355469,3738.804443359375,36.0,614,1,8,1,1
85,2023-04-23,68130,1447,MAD,Chasy,Elyoya,Nisqy,Carzzy,Hylissang,13714,16,14.5,6,0,3,38.059043884277344,19773.4296875,281.5,8989,12,15.999998092651367,0,1,10,33.68057632446289,5321.45166015625,169.0000286102295,9775,16,7.0,2,1,6,22.819908142089844,7928.89697265625,222.5,12664,13,4.099999904632568,6,0,1,24.41088104248047,12450.1123046875,261.7000002861023,6335,11,0.0,1,3,1,83.30780792236328,2686.80078125,39.0,470,4,11,1,3
86,2023-04-23,70823,1697,MAD,Chasy,Elyoya,Nisqy,Carzzy,Hylissang,13864,16,8.0,5,0,5,35.40030288696289,13528.5087890625,269.75,11366,15,23.099998474121094,3,0,8,33.30112838745117,8587.916015625,300.20006561279297,11279,17,1.2000000476837158,2,0,9,38.26044464111328,11119.9345703125,267.39999508857727,12264,15,0.4000000059604645,3,0,6,44.90073776245117,17811.56640625,275.79999962449074,7144,11,0.0,1,0,7,79.0400619506836,5098.71630859375,22.25,585,3,11,1,3
0,2023-03-11,61733,1824,FNC,Oscarinin,Razork,Humanoid,Rekkles,Advienne,10620,15,0.0,0,4,0,33.129390716552734,10063.2353515625,244.0,8646,14,8.0,1,2,1,40.96091842651367,6763.5517578125,309.40006256103516,10667,15,6.500000476837158,1,3,2,45.50722122192383,15563.1845703125,280.59999322891235,12364,14,0.0,1,2,1,43.39448928833008,13009.0146484375,327.5,5884,10,0.0,0,0,1,73.22892761230469,8074.1806640625,15.0,250,0,4,0,2
7,2023-03-12,71430,2010,FNC,Oscarinin,Razork,Humanoid,Rekkles,Advienne,13770,16,4.0,0,7,3,26.313093185424805,23050.732421875,315.5,9401,13,0.0,3,4,2,55.07708740234375,6092.83447265625,228.2000503540039,10864,16,0.0,0,3,1,16.708209991455078,13273.251953125,317.29999923706055,12719,15,0.0,2,2,1,63.881778717041016,6407.2958984375,335.20000076293945,7487,11,0.0,1,3,5,101.84256744384766,7454.53173828125,19.0,302,0,1,0,1
14,2023-03-13,75003,1468,FNC,Oscarinin,Razork,Humanoid,Rekkles,Advienne,6164,11,0.0,0,7,1,18.956745147705078,7729.76416015625,134.0,7205,11,4.0,2,5,1,27.877931594848633,6211.15869140625,215.70004272460938,8061,14,0.0,0,1,2,22.863386154174805,10070.8701171875,212.0,7680,11,0.0,1,5,1,26.489974975585938,8339.111328125,183.0,4825,8,0.0,0,4,3,70.813720703125,5600.85302734375,10.0,169,0,1,0,0
17,2023-03-18,68295,2054,FNC,Oscarinin,Razork,Humanoid,Rekkles,Advienne,12400,15,0.0,1,6,5,35.998863220214844,20043.580078125,270.59999990463257,9490,14,5.0,1,6,4,39.26810836791992,6382.20361328125,256.4000549316406,13330,18,2.5,3,4,3,30.98042106628418,13852.10546875,355.75,12417,15,0.800000011920929,2,0,1,46.10926818847656,9101.4814453125,328.29999619722366,6263,12,0.0,0,3,5,76.03643798828125,7412.03515625,6.0,300,0,3,0,1
22,2023-03-19,69067,2514,FNC,Oscarinin,Razork,Humanoid,Rekkles,Advienne,17369,18,2.8000001907348633,5,4,9,35.95173263549805,15604.1669921875,317.5999994277954,14819,18,15.299999237060547,6,4,12,63.17546844482422,15936.46875,317.0000343322754,16984,18,16.0,9,1,13,44.16739273071289,45296.28515625,343.9000129699707,20763,18,4.400000095367432,9,1,13,46.50407028198242,57326.96484375,436.40000200271606,10464,15,0.0,2,4,17,106.43162536621094,6313.93994140625,41.0,397,2,10,3,4
29,2023-03-20,76337,1927,FNC,Oscarinin,Razork,Humanoid,Rekkles,Advienne,15057,17,4.0,4,3,9,39.375267028808594,19838.955078125,278.99999618530273,14092,16,25.299997329711914,10,0,6,55.590614318847656,11143.423828125,291.1000156402588,14097,18,10.0,2,1,10,46.74021911621094,21883.982421875,328.0000057220459,15249,17,13.19999885559082,2,0,5,62.004661560058594,9082.728515625,383.8999996185303,8653,13,2.0,2,1,12,95.30925750732422,4054.176513671875,37.0,360,3,11,2,4
33,2023-03-25,72961,1913,FNC,Oscarinin,Razork,Humanoid,Rekkles,Advienne,13166,16,0.0,8,0,8,37.53617858886719,20816.2890625,259.75,10861,15,4.0,3,3,10,44.34995651245117,12820.5126953125,283.0000228881836,13374,17,0.0,2,1,11,46.76415252685547,27698.103515625,317.99999618530273,15421,15,4.0,5,3,10,45.66167449951172,15560.7529296875,333.9999942779541,8290,13,0.0,3,0,13,93.79329681396484,4600.1318359375,25.0,478,3,10,1,4
39,2023-03-26,71629,1972,FNC,Oscarinin,Razork,Humanoid,Rekkles,Advienne,14623,18,5.199999809265137,8,3,4,36.446807861328125,26269.201171875,282.3999996185303,12376,16,16.0,4,3,11,50.86179733276367,16339.5791015625,297.0000534057617,14166,18,4.0,3,5,13,29.28130531311035,30489.4921875,314.5,16257,17,0.0,7,2,10,40.68528747558594,36553.83984375,313.99999618530273,8749,14,0.0,1,2,14,113.9222412109375,5704.41650390625,41.0,343,4,10,2,1
41,2023-03-27,61326,2234,FNC,Oscarinin,Razork,Humanoid,Rekkles,Advienne,16600,18,4.0,4,6,4,46.7741813659668,29530.61328125,339.5999994277954,11158,14,4.0,4,6,6,63.761051177978516,12468.982421875,270.1500549316406,14083,17,0.0,6,3,6,58.335575103759766,27787.26171875,281.0,15788,16,0.0,2,4,9,59.31783676147461,28035.05078125,373.99999618530273,7894,13,0.0,2,6,9,98.9632339477539,4518.89453125,27.0,348,0,4,0,1
48,2023-04-08,65649,2042,FNC,Oscarinin,Razork,Humanoid,Rekkles,Advienne,11929,16,0.0,5,3,3,42.94825744628906,10110.7802734375,271.5,9565,14,8.799999237060547,0,3,9,66.16559600830078,20711.869140625,289.8500556945801,10856,16,0.0,1,3,9,50.67178726196289,18676.318359375,268.0,13486,16,0.0,3,2,6,52.473697662353516,14837.6953125,354.99999046325684,7388,12,0.0,2,2,7,84.33045959472656,4736.390625,32.0,324,0,0,0,2
49,2023-04-08,68967,1813,FNC,Oscarinin,Razork,Humanoid,Rekkles,Advienne,14100,17,9.0,2,0,6,32.71162033081055,17955.2421875,305.99999809265137,12420,16,22.5,2,1,15,49.96173858642578,8763.740234375,353.5000305175781,15168,16,0.0,7,2,10,26.16463851928711,22231.802734375,252.5,15178,16,18.499998092651367,9,2,5,45.59716033935547,14083.67578125,326.49999618530273,7787,12,0.0,1,2,13,84.67707061767578,3347.144775390625,31.0,343,2,10,2,4
50,2023-04-08,71945,2737,FNC,Oscarinin,Razork,Humanoid,Rekkles,Advienne,11215,16,2.5,1,3,4,26.74525260925293,12152.6533203125,296.149995803833,11201,14,0.4000000059604645,3,3,9,43.203487396240234,16029.1337890625,278.8000854551792,13788,17,0.0,3,4,11,32.9686279296875,24679.673828125,348.49999237060547,13467,14,7.599999904632568,7,2,4,32.26177215576172,15452.9150390625,302.7999987602234,6736,11,0.0,0,3,11,87.37533569335938,4556.33447265625,30.0,361,0,2,0,2
60,2023-04-15,58138,1814,FNC,Oscarinin,Razork,Humanoid,Rekkles,Advienne,9094,14,0.0,1,6,5,18.805007934570312,12230.5009765625,192.5,9410,13,0.0,2,4,3,43.289485931396484,12687.58203125,303.0000228881836,10643,15,0.0,1,3,5,31.67498016357422,16294.396484375,262.0,13045,15,0.0,2,1,4,39.91214370727539,16893.970703125,331.49999618530273,6214,11,0.0,1,2,5,82.87841796875,3666.404296875,30.0,270,0,2,0,3
61,2023-04-15,61221,1756,FNC,Oscarinin,Razork,Humanoid,Rekkles,Advienne,10969,15,0.4000000059604645,1,4,5,16.6767520904541,17552.166015625,240.29999962449074,10030,14,14.5,1,1,10,40.71009826660156,9772.9912109375,248.75005340576172,15077,15,4.0,6,2,4,17.250459671020508,29370.2265625,259.49999618530273,15436,18,11.600000381469727,6,0,3,38.90694046020508,15181.6962890625,396.6999969482422,7706,12,0.0,2,1,10,93.89698791503906,5726.9736328125,31.0,341,2,10,1,2
62,2023-04-15,64335,2181,FNC,Oscarinin,Razork,Humanoid,Rekkles,Advienne,12253,16,0.0,4,9,8,34.78200149536133,15373.125,195.0,15748,17,4.000000476837158,7,10,17,45.109615325927734,17898.228515625,327.30001878738403,16383,18,0.0,5,8,13,45.632835388183594,29186.048828125,280.0,17531,18,0.0,9,6,10,34.13461685180664,38487.43359375,361.6999969482422,8962,14,0.0,2,6,16,111.33171081542969,5732.79345703125,31.0,306,1,7,1,1
