blue_team,red_team,date,start_time,duration,patch,tournament,blue_top,blue_jng,blue_mid,blue_adc,blue_sup,red_top,red_jng,red_mid,red_adc,red_sup,stage,result,blue_league,red_league,best_of,blue_top_totalGold_600,blue_top_level_600,blue_top_NEUTRAL_MINIONS_KILLED_ENEMY_JUNGLE_600,blue_top_CHAMPIONS_KILLED_600,blue_top_NUM_DEATHS_600,blue_top_ASSISTS_600,blue_top_VISION_SCORE_600,blue_top_TOTAL_DAMAGE_DEALT_TO_CHAMPIONS_600,blue_top_cs_600,blue_jng_totalGold_600,blue_jng_level_600,blue_jng_NEUTRAL_MINIONS_KILLED_ENEMY_JUNGLE_600,blue_jng_CHAMPIONS_KILLED_600,blue_jng_NUM_DEATHS_600,blue_jng_ASSISTS_600,blue_jng_VISION_SCORE_600,blue_jng_TOTAL_DAMAGE_DEALT_TO_CHAMPIONS_600,blue_jng_cs_600,blue_mid_totalGold_600,blue_mid_level_600,blue_mid_NEUTRAL_MINIONS_KILLED_ENEMY_JUNGLE_600,blue_mid_CHAMPIONS_KILLED_600,blue_mid_NUM_DEATHS_600,blue_mid_ASSISTS_600,blue_mid_VISION_SCORE_600,blue_mid_TOTAL_DAMAGE_DEALT_TO_CHAMPIONS_600,blue_mid_cs_600,blue_adc_totalGold_600,blue_adc_level_600,blue_adc_NEUTRAL_MINIONS_KILLED_ENEMY_JUNGLE_600,blue_adc_CHAMPIONS_KILLED_600,blue_adc_NUM_DEATHS_600,blue_adc_ASSISTS_600,blue_adc_VISION_SCORE_600,blue_adc_TOTAL_DAMAGE_DEALT_TO_CHAMPIONS_600,blue_adc_cs_600,blue_sup_totalGold_600,blue_sup_level_600,blue_sup_NEUTRAL_MINIONS_KILLED_ENEMY_JUNGLE_600,blue_sup_CHAMPIONS_KILLED_600,blue_sup_NUM_DEATHS_600,blue_sup_ASSISTS_600,blue_sup_VISION_SCORE_600,blue_sup_TOTAL_DAMAGE_DEALT_TO_CHAMPIONS_600,blue_sup_cs_600,red_top_totalGold_600,red_top_level_600,red_top_NEUTRAL_MINIONS_KILLED_ENEMY_JUNGLE_600,red_top_CHAMPIONS_KILLED_600,red_top_NUM_DEATHS_600,red_top_ASSISTS_600,red_top_VISION_SCORE_600,red_top_TOTAL_DAMAGE_DEALT_TO_CHAMPIONS_600,red_top_cs_600,red_jng_totalGold_600,red_jng_level_600,red_jng_NEUTRAL_MINIONS_KILLED_ENEMY_JUNGLE_600,red_jng_CHAMPIONS_KILLED_600,red_jng_NUM_DEATHS_600,red_jng_ASSISTS_600,red_jng_VISION_SCORE_600,red_jng_TOTAL_DAMAGE_DEALT_TO_CHAMPIONS_600,red_jng_cs_600,red_mid_totalGold_600,red_mid_level_600,red_mid_NEUTRAL_MINIONS_KILLED_ENEMY_JUNGLE_600,red_mid_CHAMPIONS_KILLED_600,red_mid_NUM_DEATHS_600,red_mid_ASSISTS_600,red_mid_VISION_SCORE_600,red_mid_TOTAL_DAMAGE_DEALT_TO_CHAMPIONS_600,red_mid_cs_600,red_adc_totalGold_600,red_adc_level_600,red_adc_NEUTRAL_MINIONS_KILLED_ENEMY_JUNGLE_600,red_adc_CHAMPIONS_KILLED_600,red_adc_NUM_DEATHS_600,red_adc_ASSISTS_600,red_adc_VISION_SCORE_600,red_adc_TOTAL_DAMAGE_DEALT_TO_CHAMPIONS_600,red_adc_cs_600,red_sup_totalGold_600,red_sup_level_600,red_sup_NEUTRAL_MINIONS_KILLED_ENEMY_JUNGLE_600,red_sup_CHAMPIONS_KILLED_600,red_sup_NUM_DEATHS_600,red_sup_ASSISTS_600,red_sup_VISION_SCORE_600,red_sup_TOTAL_DAMAGE_DEALT_TO_CHAMPIONS_600,red_sup_cs_600,blue_pings_600,red_pings_600,blue_inhibKills_600,red_inhibKills_600,blue_towerKills_600,red_towerKills_600,blue_baronKills_600,red_baronKills_600,blue_dragonKills_600,red_dragonKills_600,blue_top_totalGold_840,blue_top_level_840,blue_top_NEUTRAL_MINIONS_KILLED_ENEMY_JUNGLE_840,blue_top_CHAMPIONS_KILLED_840,blue_top_NUM_DEATHS_840,blue_top_ASSISTS_840,blue_top_VISION_SCORE_840,blue_top_TOTAL_DAMAGE_DEALT_TO_CHAMPIONS_840,blue_top_cs_840,blue_jng_totalGold_840,blue_jng_level_840,blue_jng_NEUTRAL_MINIONS_KILLED_ENEMY_JUNGLE_840,blue_jng_CHAMPIONS_KILLED_840,blue_jng_NUM_DEATHS_840,blue_jng_ASSISTS_840,blue_jng_VISION_SCORE_840,blue_jng_TOTAL_DAMAGE_DEALT_TO_CHAMPIONS_840,blue_jng_cs_840,blue_mid_totalGold_840,blue_mid_level_840,blue_mid_NEUTRAL_MINIONS_KILLED_ENEMY_JUNGLE_840,blue_mid_CHAMPIONS_KILLED_840,blue_mid_NUM_DEATHS_840,blue_mid_ASSISTS_840,blue_mid_VISION_SCORE_840,blue_mid_TOTAL_DAMAGE_DEALT_TO_CHAMPIONS_840,blue_mid_cs_840,blue_adc_totalGold_840,blue_adc_level_840,blue_adc_NEUTRAL_MINIONS_KILLED_ENEMY_JUNGLE_840,blue_adc_CHAMPIONS_KILLED_840,blue_adc_NUM_DEATHS_840,blue_adc_ASSISTS_840,blue_adc_VISION_SCORE_840,blue_adc_TOTAL_DAMAGE_DEALT_TO_CHAMPIONS_840,blue_adc_cs_840,blue_sup_totalGold_840,blue_sup_level_840,blue_sup_NEUTRAL_MINIONS_KILLED_ENEMY_JUNGLE_840,blue_sup_CHAMPIONS_KILLED_840,blue_sup_NUM_DEATHS_840,blue_sup_ASSISTS_840,blue_sup_VISION_SCORE_840,blue_sup_TOTAL_DAMAGE_DEALT_TO_CHAMPIONS_840,blue_sup_cs_840,red_top_totalGold_840,red_top_level_840,red_top_NEUTRAL_MINIONS_KILLED_ENEMY_JUNGLE_840,red_top_CHAMPIONS_KILLED_840,red_top_NUM_DEATHS_840,red_top_ASSISTS_840,red_top_VISION_SCORE_840,red_top_TOTAL_DAMAGE_DEALT_TO_CHAMPIONS_840,red_top_cs_840,red_jng_totalGold_840,red_jng_level_840,red_jng_NEUTRAL_MINIONS_KILLED_ENEMY_JUNGLE_840,red_jng_CHAMPIONS_KILLED_840,red_jng_NUM_DEATHS_840,red_jng_ASSISTS_840,red_jng_VISION_SCORE_840,red_jng_TOTAL_DAMAGE_DEALT_TO_CHAMPIONS_840,red_jng_cs_840,red_mid_totalGold_840,red_mid_level_840,red_mid_NEUTRAL_MINIONS_KILLED_ENEMY_JUNGLE_840,red_mid_CHAMPIONS_KILLED_840,red_mid_NUM_DEATHS_840,red_mid_ASSISTS_840,red_mid_VISION_SCORE_840,red_mid_TOTAL_DAMAGE_DEALT_TO_CHAMPIONS_840,red_mid_cs_840,red_adc_totalGold_840,red_adc_level_840,red_adc_NEUTRAL_MINIONS_KILLED_ENEMY_JUNGLE_840,red_adc_CHAMPIONS_KILLED_840,red_adc_NUM_DEATHS_840,red_adc_ASSISTS_840,red_adc_VISION_SCORE_840,red_adc_TOTAL_DAMAGE_DEALT_TO_CHAMPIONS_840,red_adc_cs_840,red_sup_totalGold_840,red_sup_level_840,red_sup_NEUTRAL_MINIONS_KILLED_ENEMY_JUNGLE_840,red_sup_CHAMPIONS_KILLED_840,red_sup_NUM_DEATHS_840,red_sup_ASSISTS_840,red_sup_VISION_SCORE_840,red_sup_TOTAL_DAMAGE_DEALT_TO_CHAMPIONS_840,red_sup_cs_840,blue_pings_840,red_pings_840,blue_inhibKills_840,red_inhibKills_840,blue_towerKills_840,red_towerKills_840,blue_baronKills_840,red_baronKills_840,blue_dragonKills_840,red_dragonKills_840,blue_top_totalGold_end,blue_top_level_end,blue_top_NEUTRAL_MINIONS_KILLED_ENEMY_JUNGLE_end,blue_top_CHAMPIONS_KILLED_end,blue_top_NUM_DEATHS_end,blue_top_ASSISTS_end,blue_top_VISION_SCORE_end,blue_top_TOTAL_DAMAGE_DEALT_TO_CHAMPIONS_end,blue_top_cs_end,blue_jng_totalGold_end,blue_jng_level_end,blue_jng_NEUTRAL_MINIONS_KILLED_ENEMY_JUNGLE_end,blue_jng_CHAMPIONS_KILLED_end,blue_jng_NUM_DEATHS_end,blue_jng_ASSISTS_end,blue_jng_VISION_SCORE_end,blue_jng_TOTAL_DAMAGE_DEALT_TO_CHAMPIONS_end,blue_jng_cs_end,blue_mid_totalGold_end,blue_mid_level_end,blue_mid_NEUTRAL_MINIONS_KILLED_ENEMY_JUNGLE_end,blue_mid_CHAMPIONS_KILLED_end,blue_mid_NUM_DEATHS_end,blue_mid_ASSISTS_end,blue_mid_VISION_SCORE_end,blue_mid_TOTAL_DAMAGE_DEALT_TO_CHAMPIONS_end,blue_mid_cs_end,blue_adc_totalGold_end,blue_adc_level_end,blue_adc_NEUTRAL_MINIONS_KILLED_ENEMY_JUNGLE_end,blue_adc_CHAMPIONS_KILLED_end,blue_adc_NUM_DEATHS_end,blue_adc_ASSISTS_end,blue_adc_VISION_SCORE_end,blue_adc_TOTAL_DAMAGE_DEALT_TO_CHAMPIONS_end,blue_adc_cs_end,blue_sup_totalGold_end,blue_sup_level_end,blue_sup_NEUTRAL_MINIONS_KILLED_ENEMY_JUNGLE_end,blue_sup_CHAMPIONS_KILLED_end,blue_sup_NUM_DEATHS_end,blue_sup_ASSISTS_end,blue_sup_VISION_SCORE_end,blue_sup_TOTAL_DAMAGE_DEALT_TO_CHAMPIONS_end,blue_sup_cs_end,red_top_totalGold_end,red_top_level_end,red_top_NEUTRAL_MINIONS_KILLED_ENEMY_JUNGLE_end,red_top_CHAMPIONS_KILLED_end,red_top_NUM_DEATHS_end,red_top_ASSISTS_end,red_top_VISION_SCORE_end,red_top_TOTAL_DAMAGE_DEALT_TO_CHAMPIONS_end,red_top_cs_end,red_jng_totalGold_end,red_jng_level_end,red_jng_NEUTRAL_MINIONS_KILLED_ENEMY_JUNGLE_end,red_jng_CHAMPIONS_KILLED_end,red_jng_NUM_DEATHS_end,red_jng_ASSISTS_end,red_jng_VISION_SCORE_end,red_jng_TOTAL_DAMAGE_DEALT_TO_CHAMPIONS_end,red_jng_cs_end,red_mid_totalGold_end,red_mid_level_end,red_mid_NEUTRAL_MINIONS_KILLED_ENEMY_JUNGLE_end,red_mid_CHAMPIONS_KILLED_end,red_mid_NUM_DEATHS_end,red_mid_ASSISTS_end,red_mid_VISION_SCORE_end,red_mid_TOTAL_DAMAGE_DEALT_TO_CHAMPIONS_end,red_mid_cs_end,red_adc_totalGold_end,red_adc_level_end,red_adc_NEUTRAL_MINIONS_KILLED_ENEMY_JUNGLE_end,red_adc_CHAMPIONS_KILLED_end,red_adc_NUM_DEATHS_end,red_adc_ASSISTS_end,red_adc_VISION_SCORE_end,red_adc_TOTAL_DAMAGE_DEALT_TO_CHAMPIONS_end,red_adc_cs_end,red_sup_totalGold_end,red_sup_level_end,red_sup_NEUTRAL_MINIONS_KILLED_ENEMY_JUNGLE_end,red_sup_CHAMPIONS_KILLED_end,red_sup_NUM_DEATHS_end,red_sup_ASSISTS_end,red_sup_VISION_SCORE_end,red_sup_TOTAL_DAMAGE_DEALT_TO_CHAMPIONS_end,red_sup_cs_end,blue_pings_end,red_pings_end,blue_inhibKills_end,red_inhibKills_end,blue_towerKills_end,red_towerKills_end,blue_baronKills_end,red_baronKills_end,blue_dragonKills_end,red_dragonKills_end
100725845018863243,99566404855553726,2020-05-28,41982,2212.839,10.10.321.6176,midseason_cup_2020,DWG Nuguri,DWG Canyon,DWG ShowMaker,DWG Ghost,DWG BeryL,FPX Khan,FPX Tian,FPX Doinb,FPX Lwx,FPX Crisp,Groups,0,LCK,LPL,1,2864,7,0,0,2,0,3.2519092559814453,4092.26953125,63,3924,7,4.0,1,0,2,5.883333683013916,2045.1436767578125,107.0,3959,8,0,1,0,2,4.893597602844238,2758.550537109375,83.0,4344,7,0,1,0,2,4.348937511444092,3028.55859375,81.0,2358,6,0,0,1,3,8.405511856079102,2334.3359375,15,3079,7,0,0,1,2,3.3439197540283203,2412.25830078125,61.0,4120,7,16.0,2,1,1,4.870100498199463,2245.405029296875,122.50000762939453,3473,8,0,1,0,1,3.9958786964416504,700.7699584960938,72.0,2839,6,0,0,1,1,4.718801975250244,1758.226318359375,24,2726,6,0,0,0,0,1.7893595695495605,861.2510375976562,51,0,0,0,0,1,0,0,0,1,0,4030,9,0,0,2,0,6.242969036102295,5908.96435546875,92.0,5048,9,4.0,1,0,2,7.857159614562988,2184.0205078125,152.00002670288086,5498,10,0,1,0,2,12.54766845703125,3298.9580078125,130.0,5833,9,0,1,0,2,9.33917236328125,3495.046630859375,127.0,3176,7,0,0,1,3,24.4399471282959,2853.311279296875,26,4848,10,0,0,1,2,5.047679424285889,2846.722900390625,110.0,5421,9,16.0,2,1,1,7.861767292022705,2421.747802734375,181.00003814697266,4950,10,0.0,1,0,1,7.5170207023620605,1092.6982421875,124.0,3711,8,0,0,1,1,11.78357982635498,1903.512451171875,30.0,4104,7,0,0,0,0,3.352261543273926,861.2510375976562,88,0,0,0,0,1,0,0,0,2,0,13513,17,0.0,0,5,4,34.682037353515625,20410.580078125,297.75,11324,15,4.0,3,2,3,41.43845748901367,10580.4443359375,272.60003662109375,14384,17,0.0,4,1,2,49.313419342041016,22149.080078125,334.39999771118164,16555,17,0.0,2,2,3,52.89432144165039,20853.14453125,418.5000228881836,8347,13,0.0,0,3,7,113.0087890625,7182.625,52.0,14814,18,0.0,2,3,8,46.0366325378418,13281.3974609375,314.0,15059,17,16.399999618530273,4,1,5,58.597076416015625,15440.12109375,484.7998104095459,13187,16,1.600000023841858,3,3,7,46.9027214050293,14043.1455078125,297.19999849796295,10495,15,0.0,3,1,7,85.08277893066406,11026.59765625,59.0,11662,14,0.0,1,1,4,37.181236267089844,9085.1533203125,216.0,0,0,2,1,7,8,1,0,3,3
98767991853197861,100725845018863243,2020-05-28,33754,2835.692,10.10.321.6176,midseason_cup_2020,T1 Canna,T1 Cuzz,T1 Faker,T1 Teddy,T1 Effort,DWG Nuguri,DWG Canyon,DWG ShowMaker,DWG Ghost,DWG BeryL,Groups,0,,LCK,1,3083,8,0,0,0,0,3.1213574409484863,788.02197265625,76,3136,7,0.0,0,0,0,8.67386245727539,1044.798583984375,123.4000244140625,3727,8,0,0,0,1,6.052608013153076,1193.322998046875,86.0,3506,6,0,1,0,0,6.071135997772217,654.6942749023438,78.0,2229,6,0,0,0,0,7.8878021240234375,283.72979736328125,19,3507,8,0,0,0,0,3.53039813041687,2831.8017578125,95.0,3205,7,0.0,0,0,0,7.800095558166504,0.0,121.50001907348633,3480,8,0,0,0,0,5.542162895202637,2286.8642578125,103.0,3306,7,0,0,1,0,3.41843843460083,691.7297973632812,81,2014,5,0,0,0,0,6.819631576538086,539.7173461914062,11,0,0,0,0,0,0,0,0,0,0,4801,11,4,1,0,0,9.146697044372559,3090.36572265625,124.0,4636,9,4.0,0,0,2,21.96617317199707,2102.162841796875,166.30004119873047,5814,10,0,0,0,2,12.073266983032227,2083.66796875,137.0,5283,9,0,2,0,0,7.340999126434326,1074.382568359375,126.0,3082,7,0,0,0,1,24.352985382080078,889.908447265625,24,5055,10,0,0,1,0,5.2008748054504395,5216.18994140625,125.0,4282,8,3.5999999046325684,0,1,0,14.608253479003906,455.4214782714844,150.70002508163452,4935,10,0.0,0,0,0,14.07010269165039,4629.9169921875,153.0,4961,9,0,0,1,0,9.495513916015625,1188.24609375,128.0,3182,6,0,0,0,0,21.616819381713867,634.798828125,22,0,0,0,0,0,0,0,0,0,1,15909,18,19.599998474121094,4,2,2,45.91584014892578,13081.509765625,368.2000102996826,15100,17,9.299999237060547,0,4,7,135.80450439453125,10638.6884765625,514.0997581481934,22549,18,4.000000476837158,4,3,6,44.76741027832031,20088.5703125,472.9999985694885,19297,18,13.199999809265137,4,3,6,60.72382736206055,16509.32421875,501.9000196456909,10471,14,0.4000000059604645,2,2,6,160.7951202392578,7124.93701171875,47.60000002384186,17726,18,0.0,2,5,9,57.494361877441406,29486.626953125,388.75,15164,18,3.5999999046325684,5,3,4,82.04724884033203,10806.6904296875,334.3000044822693,18766,18,1.2000000476837158,2,2,2,70.6332778930664,25650.828125,434.39999890327454,20471,18,12.0,4,2,4,33.888248443603516,24462.353515625,492.10000228881836,11991,16,2.799999952316284,1,2,10,150.601806640625,4609.181640625,64.40000033378601,0,0,1,2,6,9,0,2,3,4
99566404854685458,100725845018863243,2020-05-28,29814,2106.299,10.10.321.6176,midseason_cup_2020,TES 369,TES Karsa,TES knight,TES JackeyLove,TES yuyanjia,DWG Nuguri,DWG Canyon,DWG ShowMaker,DWG Ghost,DWG BeryL,Groups,1,LPL,LCK,1,3391,8,0,1,0,0,5.324912071228027,1874.8468017578125,79,3131,7,16.0,0,1,2,7.59376859664917,1988.652587890625,102.0000114440918,3146,8,0,0,0,0,3.3480446338653564,3262.30078125,82.0,3667,7,0,0,1,1,4.738580703735352,2589.369140625,93.0,2469,5,0,1,0,0,3.57452654838562,1169.837890625,11,3259,8,0,0,1,1,3.0301380157470703,2416.81787109375,75.0,3570,8,21.5,0,0,2,7.984556674957275,974.7645874023438,126.75000953674316,3131,8,0,1,0,0,2.9553613662719727,1523.9874267578125,66.0,3444,6,0,1,0,0,4.093664169311523,715.9036865234375,77,1977,6,0,0,1,1,7.021194934844971,2400.144287109375,5,0,0,0,0,0,0,0,0,1,0,4659,10,0,1,0,0,8.445597648620605,3888.05224609375,115.0,4611,9,20.0,1,1,2,15.130122184753418,3104.482177734375,148.50002670288086,4498,10,0,0,0,0,7.1748881340026855,6275.56591796875,120.0,5858,9,0,0,1,1,12.861968994140625,4144.41357421875,147.0,3390,7,0,1,0,1,14.395910263061523,2168.1572265625,15,4849,10,0,0,1,1,6.139146327972412,5435.89013671875,120.5,5045,9,33.5,0,0,2,17.655345916748047,1469.26708984375,191.7500228881836,4850,10,0.0,1,0,0,7.793453216552734,2580.798095703125,107.0,4785,8,0,1,0,0,5.7767252922058105,1553.8079833984375,117.0,2591,6,0,0,2,1,11.471806526184082,2860.495361328125,6,0,0,0,0,1,0,0,0,1,1,12088,17,4.0,1,2,10,28.900190353393555,13046.97265625,261.99999809265137,11313,16,38.400001525878906,1,3,8,49.02408981323242,9568.2001953125,322.3000030517578,15268,17,8.0,9,0,7,47.432899475097656,26718.71484375,303.99999618530273,17260,16,4.800000190734863,9,5,4,43.38419723510742,32842.69140625,342.6000003814697,8769,14,0.0,1,1,15,76.7381820678711,9494.7724609375,29.0,13833,17,8.0,3,4,3,33.53861618041992,17183.337890625,308.99999809265137,11096,15,45.100006103515625,1,3,7,57.87133026123047,13384.369140625,334.84996032714844,11420,16,0.4000000059604645,3,1,6,53.609554290771484,19015.990234375,237.4500006735325,13177,15,0.0,3,4,5,26.52547836303711,12774.7021484375,326.0499954223633,7110,13,0.0,1,9,6,72.74739074707031,6857.2275390625,26.0,0,0,3,0,10,3,1,0,3,2
99566404855553726,98767991853197861,2020-05-28,26371,1674.771,10.10.321.6176,midseason_cup_2020,FPX Khan,FPX Tian,FPX Doinb,FPX Lwx,FPX Crisp,T1 Canna,T1 Cuzz,T1 Faker,T1 Teddy,T1 Effort,Groups,0,LPL,,1,3297,8,0,0,0,0,5.008299827575684,1524.7724609375,90,3284,7,4.0,0,0,0,6.661379337310791,76.03255462646484,123.25000381469727,3440,9,0,0,0,0,3.6211037635803223,1411.1832275390625,103.0,3268,6,0,0,0,0,3.42829966545105,240.1810302734375,83.0,2159,6,0,0,0,0,7.794582366943359,42.181888580322266,17,3625,9,0,0,0,0,7.062384605407715,2331.85107421875,98.0,3119,7,0.0,0,0,0,7.520656108856201,128.47059631347656,113.50001907348633,3571,8,0,0,0,0,6.816381454467773,1103.0455322265625,106.0,3429,7,0,0,0,0,5.574651718139648,444.84075927734375,97,2042,6,0,0,0,0,8.09215259552002,958.5858764648438,12,0,0,0,0,0,0,0,0,0,1,4540,10,0,0,0,0,6.305235862731934,2463.30908203125,127.0,4445,8,4.0,0,2,1,10.192228317260742,2855.88037109375,143.25001907348633,5047,10,0,1,1,1,4.277536392211914,5221.802734375,125.0,5557,9,0,2,0,0,5.3579254150390625,1999.620361328125,120.0,3135,7,0,0,1,3,18.234210968017578,1827.6480712890625,20,5383,11,0,0,0,0,11.774368286132812,5219.111328125,144.5,4637,9,4.0,0,1,4,18.724002838134766,1594.6461181640625,156.00004196166992,5587,10,0.0,1,0,3,10.054781913757324,4766.40087890625,145.0,5510,8,0,3,1,0,7.7220659255981445,2560.33740234375,119.0,3080,7,0,0,1,4,15.307098388671875,2246.6669921875,18,0,0,0,0,0,0,0,0,0,2,9562,15,0.0,2,2,1,19.5988712310791,12143.8515625,224.0,8006,12,4.0,0,4,2,34.93625259399414,6772.9736328125,248.75006103515625,9977,15,0.0,1,2,5,23.30350685119629,13263.1767578125,241.0,12038,14,0.0,4,3,0,29.45319366455078,10189.8935546875,291.0999946594238,6126,11,0.0,0,3,4,73.77079772949219,4170.30126953125,38.40000009536743,11771,16,0.0,1,1,5,23.481170654296875,14724.6396484375,289.5,10127,14,4.0,2,1,8,51.95173263549805,5883.095703125,250.5000457763672,13313,16,0.0,5,2,4,59.10021209716797,13983.611328125,292.49999618530273,13198,16,4.0,3,2,9,45.48997116088867,9704.505859375,322.49999618530273,7769,13,0.0,3,3,9,75.43367767333984,8129.59521484375,35.0,0,0,0,1,3,7,0,1,0,4
99566404854685458,99566404855553726,2020-05-28,38247,2084.719,10.10.321.6176,midseason_cup_2020,TES 369,TES Karsa,TES knight,TES JackeyLove,TES yuyanjia,FPX Khan,FPX Tian,FPX Doinb,FPX Lwx,FPX Crisp,Groups,0,LPL,LPL,1,2672,7,0,0,2,0,6.678666114807129,3260.37060546875,58,2834,7,0.0,0,1,0,7.7480669021606445,1401.6202392578125,101.60000228881836,3865,9,0,1,0,0,2.725619077682495,2859.241455078125,104.0,3221,6,0,0,0,0,5.765944480895996,3340.11376953125,87.0,1958,6,0,0,0,0,4.422173023223877,1833.415771484375,0,4014,8,0,1,0,1,5.975783348083496,2748.22802734375,76.0,3333,7,4.200000286102295,0,0,2,14.262170791625977,1519.30078125,111.90000104904175,3483,8,0,1,1,0,5.0777740478515625,2138.85693359375,82.0,2592,6,0,1,0,0,3.950222969055176,1429.447265625,5,3109,6,0,0,0,1,4.945588111877441,697.9142456054688,70,0,0,0,0,0,0,0,0,1,0,3656,8,0,0,2,0,8.71242618560791,5805.8037109375,82.0,3642,8,0.0,0,1,0,12.333218574523926,2378.8388671875,125.60001754760742,5165,10,0,1,0,0,5.223123073577881,4120.0302734375,140.0,4865,8,0,0,0,0,10.36291217803955,5110.31005859375,132.0,2899,7,0,0,0,0,10.09852123260498,2496.146240234375,1,5888,10,0,1,0,1,7.553645610809326,3469.0380859375,105.0,4458,9,4.200000286102295,0,0,2,17.25383758544922,2497.641357421875,159.9000163078308,4786,10,4.0,1,1,0,6.774022102355957,2529.8818359375,128.0,3409,7,0,1,0,0,9.880439758300781,2250.145751953125,11.0,4195,8,0,0,0,1,9.111533164978027,1335.5128173828125,98,0,0,0,0,0,1,0,0,1,1,10691,15,0.0,0,7,3,33.542659759521484,18467.8828125,264.5,9656,13,1.5,2,4,1,54.31002426147461,7973.58251953125,230.10002899169922,14407,17,5.5,2,3,2,52.449737548828125,26222.1015625,435.50000381469727,11565,14,0.0,1,3,1,37.47154235839844,13485.53515625,290.0,6559,12,0.0,0,3,3,74.80311584472656,7978.99267578125,7.0,16150,17,4.0,7,0,8,36.35422134399414,17004.005859375,269.99999809265137,13128,16,14.700000762939453,3,1,13,64.44390106201172,12158.5615234375,386.19997787475586,14719,17,12.999998092651367,6,2,8,31.33810806274414,22602.16796875,338.1000003814697,9596,14,0.0,3,0,12,54.87691116333008,9117.49609375,51.60000038146973,9794,14,0.0,1,2,11,31.437408447265625,6253.9541015625,154.0,0,0,0,2,2,9,0,0,1,5
98767991853197861,99566404854685458,2020-05-28,46090,2149.78,10.10.321.6176,midseason_cup_2020,T1 Canna,T1 Cuzz,T1 Faker,T1 Teddy,T1 Effort,TES 369,TES Karsa,TES knight,TES JackeyLove,TES yuyanjia,Groups,0,,LPL,1,2808,8,0,0,1,0,7.676522731781006,2953.80078125,66,3071,6,0.0,0,0,0,10.318807601928711,494.50164794921875,111.0,3453,8,0,0,0,0,6.037775993347168,2711.663330078125,99.0,3450,7,0,0,0,0,6.015883922576904,381.42230224609375,99.0,2141,6,0,0,0,0,9.059511184692383,1180.724365234375,14,3057,7,0,0,0,1,5.924075126647949,1852.6298828125,77.0,2979,7,0.0,0,0,1,7.299190521240234,1563.0328369140625,98.99999237060547,3802,8,0,1,0,0,3.442521810531616,883.0765991210938,90.0,3265,7,0,0,0,0,3.525360584259033,1422.54638671875,85,2113,5,0,0,0,1,5.077845096588135,938.9305419921875,13,0,0,0,0,0,0,0,0,0,1,4359,10,0,0,1,0,9.373696327209473,2953.80078125,105.0,4517,7,0.0,0,0,2,23.101736068725586,1458.36083984375,127.99999618530273,5247,11,0,1,1,0,9.506627082824707,4053.15673828125,143.0,6014,9,0,1,0,1,8.3839693069458,1099.6246337890625,151.0,3237,7,0,0,0,2,16.970914840698242,1795.799560546875,15,4871,10,0,0,0,1,10.231378555297852,2001.2550048828125,129.0,4446,9,8.0,1,1,1,7.632524013519287,2793.491455078125,143.70000839233398,5474,10,0.0,1,1,0,7.309188365936279,1513.109375,147.0,4703,9,0,0,0,0,5.819072723388672,2508.439697265625,138.8000001013279,2947,6,0,0,0,1,18.575773239135742,938.9305419921875,20,0,0,0,0,1,0,0,0,1,1,12466,17,5.5,3,4,2,40.473819732666016,14557.392578125,275.0,10151,14,4.0,1,1,5,57.967411041259766,5800.30908203125,253.2500457763672,14094,17,4.0,3,4,2,66.03202056884766,17580.30078125,363.8000011444092,14994,16,4.0,2,3,4,63.43704605102539,8290.1884765625,390.19998931884766,7796,13,0.0,0,3,8,111.5847396850586,9100.2958984375,31.0,15335,18,9.100000381469727,2,2,8,36.98517608642578,13958.0,345.2000045776367,10948,16,15.999998092651367,2,4,4,48.97724533081055,6470.68115234375,286.799955368042,16144,18,0.0,5,3,5,36.80611038208008,19817.234375,377.0999984741211,17262,18,4.400000095367432,5,0,7,45.027130126953125,26718.29296875,421.40000009536743,8130,14,0.0,1,0,9,100.23421478271484,5463.853515625,31.0,0,0,0,1,2,9,1,1,2,3
99566404585387054,100205573495116443,2020-05-29,34043,2408.179,10.10.321.6176,midseason_cup_2020,DRX Doran,DRX Pyosik,DRX Chovy,DRX Deft,DRX Keria,GEN Rascal,GEN Clid,GEN Bdd,GEN Ruler,GEN Life,Groups,1,LCK,,1,3142,8,0,0,1,0,6.422382354736328,2949.284912109375,80,3313,7,8.0,0,0,0,9.402681350708008,130.44947814941406,139.00001525878906,3473,8,0,0,0,0,10.055538177490234,1227.5211181640625,99.0,2219,6,0,0,1,0,5.209524154663086,2306.458251953125,10.0,2944,7,0,0,0,0,6.384889125823975,1515.7603759765625,73,3036,8,0,0,0,1,3.8790574073791504,1819.5513916015625,69.0,3175,7,0.0,0,0,1,9.333272933959961,140.784912109375,101.70001602172852,3759,8,4,1,0,0,3.2031970024108887,2255.28857421875,98.8000001013279,3488,7,0,0,0,1,4.673676013946533,2253.428466796875,94,2358,6,0,1,0,0,2.5,1721.3878173828125,13,0,0,0,0,0,0,0,0,1,0,4575,10,0,0,1,0,8.115437507629395,4491.81005859375,118.0,5011,10,15.999996185302734,0,0,0,23.93478012084961,466.05584716796875,213.00005722045898,4907,11,0,0,0,0,16.83563232421875,1227.5211181640625,149.0,3098,7,0,0,1,0,13.548799514770508,2966.84619140625,14.0,4379,8,0,0,0,0,9.401556015014648,1682.359130859375,115,4369,10,0,0,0,1,5.549947738647461,3112.13916015625,111.0,4421,8,0.0,0,0,1,16.53508758544922,1063.1995849609375,138.70001220703125,5308,10,4.0,1,0,0,7.079975605010986,3258.157958984375,152.7999997138977,5159,9,0,0,0,1,10.782390594482422,2484.7255859375,142.0,3112,7,0,1,0,0,14.890159606933594,1721.3878173828125,20,0,0,0,0,0,0,0,0,1,1,15673,18,0.0,3,2,10,57.43492889404297,18638.927734375,304.5,19452,18,35.999996185302734,5,1,9,136.09463500976562,17787.392578125,660.3998374938965,17000,18,2.0,5,1,9,69.47624969482422,22046.548828125,360.30000054836273,10803,16,2.0,1,2,13,110.27040100097656,15497.7060546875,78.60000014305115,11606,17,0.0,1,2,10,31.096033096313477,5535.97705078125,209.0,14077,18,0.0,0,2,5,46.522064208984375,20329.36328125,345.99999618530273,12241,15,6.0,1,2,3,63.13044738769531,8102.60986328125,330.99998474121094,15570,18,9.600000381469727,5,3,1,49.049827575683594,29518.984375,404.0,16851,18,8.0,0,5,2,65.76485443115234,8048.6728515625,486.70001220703125,8264,13,0.0,1,3,3,110.16329956054688,7086.1796875,39.0,0,0,3,0,10,5,1,0,4,2
99566404848691211,99566404585387054,2020-05-29,30290,1946.787,10.10.321.6176,midseason_cup_2020,IG TheShy,IG Ning,IG Rookie,IG Puff,IG Southwind,DRX Doran,DRX Pyosik,DRX Chovy,DRX Deft,DRX Keria,Groups,0,LPL,LCK,1,3304,8,0,0,0,0,8.958696365356445,4196.0908203125,87,3140,7,0.0,0,0,2,7.682538032531738,549.933349609375,107.50000762939453,3710,8,0,1,0,1,5.221036434173584,3294.94287109375,96.0,3529,6,0,1,0,1,6.2779011726379395,1592.0513916015625,82.0,2131,6,0,0,0,2,8.250020980834961,1436.466064453125,13,2828,8,0,0,0,0,6.818046569824219,721.7283325195312,66.0,2842,6,0.0,0,1,0,10.5053129196167,485.6939392089844,98.00001525878906,3237,8,0,0,1,0,6.2109479904174805,1751.0211181640625,85.0,3388,7,0,0,0,0,5.677246570587158,1369.1461181640625,91,2171,6,0,0,0,0,6.200127124786377,1911.7120361328125,4,0,0,0,0,0,0,0,0,0,1,4407,10,0,0,1,0,10.499238014221191,5665.40380859375,120.0,4575,8,0.0,0,0,2,17.12896156311035,549.933349609375,167.00003051757812,5641,10,0,1,0,1,12.211498260498047,4470.044921875,152.0,4998,8,0,1,0,1,10.252901077270508,1978.6385498046875,130.0,2959,8,0,0,0,2,19.81875991821289,1436.466064453125,18,4649,10,0,1,0,0,10.08561897277832,2234.693603515625,105.0,4127,8,0.0,0,1,0,20.463598251342773,485.6939392089844,155.00003051757812,4683,10,0.0,0,1,0,8.38390827178955,2433.921142578125,137.0,4899,9,0,0,0,0,10.469842910766602,1962.90185546875,138.0,2870,7,0,0,0,0,14.080127716064453,2156.64599609375,6,0,0,0,0,0,0,0,0,1,1,11712,16,0.0,0,6,0,24.50408935546875,13242.9609375,301.75,8768,12,0.0,0,5,4,57.053382873535156,3175.855224609375,275.2000503540039,12112,16,0.0,2,2,2,35.272605895996094,18172.794921875,290.79999923706055,12510,14,0.0,3,3,1,37.6982307434082,13526.279296875,329.1999969482422,6320,12,0.0,0,3,4,60.06760787963867,4496.978515625,24.0,13886,17,12.0,4,1,3,40.98774337768555,10435.7568359375,286.0,11287,15,4.800000190734863,3,2,8,57.44746017456055,3558.927734375,296.20006275177,13683,18,4.0,4,1,2,47.85309600830078,12570.8125,313.0,15794,17,7.600000381469727,6,1,7,31.68781089782715,20268.669921875,383.5999927520752,9359,15,0.0,2,0,14,115.54181671142578,8905.76171875,44.0,0,0,0,1,2,9,0,1,2,3
99566404585387054,99566404852189289,2020-05-29,46087,2251.234,10.10.321.6176,midseason_cup_2020,DRX Doran,DRX Pyosik,DRX Chovy,DRX Deft,DRX Keria,JDG Zoom,JDG Kanavi,JDG Yagao,JDG LokeN,JDG LvMao,Groups,0,LCK,LPL,1,3147,8,0,0,0,0,4.356237411499023,1319.195068359375,88,3044,7,4.0,0,0,0,9.061010360717773,232.05795288085938,110.60000228881836,3359,8,0,0,0,0,4.8095622062683105,1346.4384765625,94.0,3602,6,0,1,0,0,7.949763298034668,1779.0780029296875,87.0,2291,6,0,0,0,1,7.270877361297607,507.493896484375,13,3300,8,0,0,0,0,3.6900506019592285,2039.9139404296875,88.0,3346,7,3.200000047683716,0,0,0,7.848238945007324,206.19549560546875,138.40002369880676,3258,8,0,0,0,0,4.4359564781188965,3096.51953125,86.0,3155,6,0,0,0,0,4.370622634887695,542.0723876953125,80,2012,6,0,0,1,0,4.0,676.4063720703125,13,0,0,0,0,0,0,0,0,1,0,5226,10,0,0,0,0,5.903532981872559,1449.3475341796875,131.0,4424,8,4.0,0,0,0,22.46381187438965,711.9297485351562,161.60002899169922,4830,10,0,0,1,0,8.384106636047363,3886.688720703125,126.0,5023,8,0,1,1,0,10.854527473449707,2755.4453125,134.0,3141,7,0,0,0,1,20.55258560180664,788.3560791015625,19,4916,11,0,1,0,0,3.6900506019592285,4682.5615234375,129.5,4816,9,3.200000047683716,0,0,1,21.311691284179688,1656.0689697265625,184.9000427722931,4728,11,0.0,0,0,1,12.510807991027832,4646.47216796875,137.0,4928,8,0,1,0,0,6.4149932861328125,2725.25537109375,115.0,2909,7,0,0,1,2,13.499180793762207,1085.1202392578125,16,0,0,0,0,0,0,0,0,1,0,14449,18,0.0,3,3,5,43.99262619018555,15067.41015625,302.5,11878,16,15.599998474121094,1,1,9,62.33209991455078,9436.0478515625,373.29996490478516,13745,17,0.4000000059604645,3,4,7,55.551475524902344,27302.83984375,268.29999962449074,15950,17,15.999998092651367,2,3,8,87.99810791015625,17247.880859375,422.0000057220459,10772,13,0.0,4,3,6,142.2476348876953,8345.6015625,56.0,12997,18,0.0,1,5,3,33.07127380371094,15100.0849609375,321.49999618530273,14099,16,12.199999809265137,3,1,8,115.25447845458984,19709.078125,381.90000438690186,12612,17,1.5,3,3,7,42.84919738769531,24168.4296875,285.5,17131,16,8.0,7,2,4,45.058746337890625,34170.0859375,392.9999942779541,7875,14,0.0,0,2,12,75.55280303955078,4400.1884765625,30.0,0,0,0,1,3,7,1,0,3,2
99566404848691211,100205573495116443,2020-05-29,42247,2118.869,10.10.321.6176,midseason_cup_2020,IG TheShy,IG Ning,IG Rookie,IG Puff,IG Southwind,GEN Rascal,GEN Clid,GEN Bdd,GEN Ruler,GEN Life,Groups,0,LPL,,1,3259,7,0,0,2,0,3.0688021183013916,3036.4501953125,76,3057,6,4.0,1,1,0,8.254411697387695,2488.79345703125,80.99999809265137,3313,8,0,1,1,1,3.2605788707733154,2375.05517578125,69.0,3370,7,0,0,0,0,3.340221643447876,1794.6397705078125,92.0,2037,6,0,0,0,0,6.999203205108643,756.0388793945312,15,3058,8,0,0,0,1,7.051928520202637,614.1016235351562,71.0,2830,6,4.0,0,1,2,9.650081634521484,1570.0343017578125,75.99998664855957,4387,8,0,4,1,0,3.285229444503784,3660.2978515625,84.0,3494,7,0,0,0,0,4.617318153381348,1446.2120361328125,95,2120,6,0,0,0,0,3.370450019836426,313.1206970214844,13,0,0,0,0,0,0,0,0,0,0,4913,9,0,0,3,1,3.0688021183013916,5372.06494140625,117.0,4693,8,4.0,2,1,0,11.604412078857422,4284.86865234375,131.00002670288086,4612,10,0,1,1,1,11.126970291137695,2875.426025390625,107.0,5064,9,0,0,0,0,8.632230758666992,1971.2110595703125,147.5,3013,7,0,0,0,0,16.46292495727539,890.9149169921875,24,4621,10,0,0,1,2,12.285262107849121,1769.091796875,117.0,4225,8,4.0,0,1,3,15.60927677154541,2425.4169921875,129.5,6146,11,0.0,5,1,0,10.618330001831055,4879.4443359375,135.0,5086,9,0,0,0,0,15.128718376159668,1446.2120361328125,146.0,2895,7,0,0,0,0,13.768789291381836,313.1206970214844,17,0,0,0,0,0,0,0,0,0,1,13797,16,0.0,2,8,4,27.79695701599121,18405.728515625,281.6999979019165,10334,14,4.0,2,4,6,46.67694091796875,8540.0078125,240.2500457763672,11233,15,0.0,2,6,1,27.941396713256836,14866.974609375,238.99999618530273,15007,16,0.0,4,2,1,46.86154556274414,24397.58984375,369.7999954223633,7472,12,0.0,0,3,6,98.49600219726562,5347.365234375,39.0,13866,18,0.0,4,3,7,36.8370361328125,13356.7314453125,299.79999828338623,12204,16,17.100000381469727,3,2,17,70.67633819580078,19423.267578125,290.90005683898926,17958,17,9.899999618530273,13,2,8,41.114078521728516,18844.576171875,306.79999923706055,16016,18,1.5,3,1,11,69.91819763183594,25599.630859375,402.25000762939453,8168,14,0.0,0,2,13,96.44232940673828,690.6477661132812,34.0,0,0,0,1,4,8,1,1,0,5
99566404852189289,100205573495116443,2020-05-29,26409,1948.767,10.10.321.6176,midseason_cup_2020,JDG Zoom,JDG Kanavi,JDG Yagao,JDG LokeN,JDG LvMao,GEN Rascal,GEN Clid,GEN Bdd,GEN Ruler,GEN Life,Groups,0,LPL,,1,3203,8,0,0,0,0,2.951082229614258,1537.720703125,86,2899,7,12.0,0,0,0,12.534110069274902,762.4312744140625,98.5,3582,8,0,0,1,0,5.828882217407227,729.1746826171875,91.60000038146973,3151,6,0,0,0,0,4.405713081359863,967.566650390625,84.0,1922,6,0,0,0,0,6.375054836273193,1344.5699462890625,9,3677,8,0,1,0,0,4.431288719177246,1906.2677001953125,84.0,2921,6,15.19999885559082,0,0,0,11.515231132507324,335.96575927734375,98.4000072479248,3517,8,0,0,0,1,7.430160999298096,2100.1884765625,95.0,3547,7,0,0,0,0,4.648728370666504,492.3026123046875,84,2054,5,0,0,0,0,6.439116954803467,0.0,12,0,0,0,0,0,0,0,0,1,0,4742,10,0,0,0,0,6.574939250946045,1638.5147705078125,135.0,4133,8,16.0,0,1,0,21.3966064453125,1156.6463623046875,144.50000762939453,5237,10,0,0,1,0,7.5503435134887695,1043.7337646484375,140.60000038146973,4856,8,0,0,0,0,13.028958320617676,1059.3682861328125,130.0,2982,7,0,0,0,0,11.598134994506836,1465.8192138671875,15,5577,10,0,1,0,0,9.971226692199707,1981.5166015625,133.0,4227,8,15.19999885559082,0,0,1,21.224626541137695,1226.1329345703125,151.9000186920166,5405,10,0.0,1,0,1,9.005762100219727,3216.422607421875,153.0,4968,8,0,0,0,0,7.95468807220459,735.33837890625,128.0,3027,7,0,0,0,1,14.642156600952148,350.6915283203125,19,0,0,0,0,0,0,0,0,1,1,12430,18,0.0,2,3,2,27.527746200561523,10582.51953125,329.24999713897705,8448,12,16.0,0,4,3,73.16740417480469,3341.01318359375,267.70006561279297,12189,16,1.600000023841858,1,4,3,21.903268814086914,10125.21484375,290.7999988794327,12930,15,0.5,1,3,2,33.56248092651367,10486.0478515625,336.29999923706055,6429,11,0.0,0,2,3,56.22498321533203,6185.9453125,27.0,14248,18,4.0,2,1,10,43.68751907348633,11217.66796875,337.5499997138977,11505,15,31.199996948242188,2,0,10,113.52489471435547,8641.341796875,307.4999694824219,15788,18,5.5,7,1,7,48.457550048828125,24358.142578125,358.5,16090,17,0.0,5,0,7,44.62016296386719,16478.373046875,365.3999900817871,7632,12,0.0,0,2,12,69.57951354980469,2911.293212890625,24.0,0,0,0,2,3,10,0,1,1,4
99566404852189289,99566404848691211,2020-05-29,38113,2397.725,10.10.321.6176,midseason_cup_2020,JDG Zoom,JDG Kanavi,JDG Yagao,JDG LokeN,JDG LvMao,IG TheShy,IG Ning,IG Rookie,IG Puff,IG Southwind,Groups,1,LPL,LPL,1,3345,9,0,0,0,1,5.249568939208984,1934.9119873046875,82,3572,7,5.800000190734863,1,0,0,14.16097354888916,1476.9046630859375,117.60000324249268,2989,8,0,0,0,0,4.615363597869873,1437.7158203125,78.0,3504,7,0,0,0,1,5.183470249176025,1541.6824951171875,89.0,2400,6,0,1,0,0,2.0,1261.232177734375,11,2946,8,0,0,1,0,5.752532005310059,2936.143798828125,67.0,2802,6,4.000000476837158,0,0,0,2.2461862564086914,45.07462692260742,103.90000581741333,3314,8,0,0,0,0,4.179257869720459,3233.90869140625,99.0,3500,6,0,0,0,0,2.7671737670898438,2913.856689453125,97,2101,6,0,0,1,0,3.2717537879943848,1845.460205078125,12,0,0,0,0,0,0,0,0,0,1,4840,10,0,0,1,1,9.224164962768555,2271.517333984375,121.0,5325,10,17.80000114440918,1,0,0,22.449228286743164,2311.225830078125,186.1000270843506,4443,10,0,0,0,0,7.85911226272583,4368.322265625,123.0,5768,8,0,0,0,1,5.903182506561279,1541.6824951171875,130.0,3477,8,0,1,0,0,7.713653564453125,1261.232177734375,19,4437,10,0,0,1,0,8.732702255249023,3766.42333984375,115.0,3843,8,4.000000476837158,0,0,0,7.924080848693848,765.078369140625,138.4000210762024,5317,11,0.0,1,0,0,7.702920913696289,5792.58837890625,139.0,4923,8,0,0,0,0,4.796283721923828,3337.410888671875,140.0,2880,7,0,0,1,0,23.457372665405273,1845.460205078125,20,0,0,0,0,1,0,0,0,0,1,16033,18,4.0,3,2,5,47.90739822387695,8602.669921875,323.5,17439,18,60.800018310546875,5,0,6,134.0475616455078,22300.908203125,550.0998229980469,15748,18,10.5,4,1,5,37.51362991333008,21321.248046875,361.25,17391,18,14.399998664855957,2,0,8,31.517860412597656,24934.150390625,425.79999828338623,9856,15,0.800000011920929,1,1,9,96.94896697998047,7052.10302734375,43.09999996423721,12826,18,0.0,0,4,2,22.6842041015625,12556.5322265625,293.0,11371,15,9.500000953674316,1,5,0,62.30125427246094,6431.74072265625,361.699990272522,15347,18,4.0,2,2,2,42.323463439941406,28249.083984375,363.5,16501,17,0.0,1,2,1,37.27204132080078,27390.640625,474.79999923706055,7705,15,0.0,0,2,2,110.98649597167969,5229.89404296875,49.0,0,0,3,0,11,2,2,0,3,3
100205573495116443,99566404585387054,2020-05-29,50071,1821.293,10.10.321.6176,midseason_cup_2020,GEN Rascal,GEN Clid,GEN Bdd,GEN Ruler,GEN Life,DRX Doran,DRX Pyosik,DRX Chovy,DRX Deft,DRX Keria,Groups,1,,LCK,1,3208,9,0,0,0,0,8.017152786254883,1350.55810546875,79,3135,7,0.0,0,0,0,12.231513977050781,0.0,121.00003051757812,3520,8,0,0,0,0,6.745217800140381,1639.036376953125,96.0,3470,7,0,0,0,0,2.569835901260376,1467.8160400390625,98.0,1991,5,0,0,0,0,6.135892391204834,517.5079345703125,12,3380,8,0,0,0,0,4.322269439697266,2412.275634765625,85.0,3117,7,0.0,0,0,0,10.541688919067383,0.0,117.5000228881836,3486,9,0,0,0,0,6.914304733276367,763.1976928710938,102.0,3177,6,0,0,0,0,4.614831924438477,1624.1025390625,82,2195,6,0,0,0,0,5.483755111694336,384.4346618652344,17,0,0,0,0,0,0,0,0,1,0,4628,11,0,0,0,0,11.214212417602539,2096.007080078125,123.0,4510,8,0.0,0,0,0,18.74520492553711,165.9982452392578,159.5000457763672,5236,10,0,0,0,0,10.003981590270996,2956.951904296875,142.0,4881,9,0,0,0,0,10.678738594055176,1667.5126953125,144.0,2928,7,0,0,0,0,17.77680015563965,579.7350463867188,19,5086,10,0,0,0,0,9.951434135437012,4250.5224609375,126.25,4450,9,0.0,0,0,0,19.36128044128418,752.7437133789062,175.25005340576172,5090,11,0.0,0,0,0,12.331998825073242,1531.1092529296875,161.0,4436,8,0,0,0,0,7.763950347900391,2018.221435546875,115.0,3064,7,0,0,0,0,15.371631622314453,384.4346618652344,23,0,0,0,0,0,0,0,0,1,1,12338,17,2.0,0,1,5,36.382118225097656,7326.65673828125,301.0,9515,13,0.0,0,0,3,79.10863494873047,2310.1728515625,300.0,13214,16,0.0,2,0,4,35.79977798461914,10328.4326171875,314.0,14132,16,0.0,4,0,1,60.28201675415039,9053.484375,380.5,6345,11,0.0,0,0,3,81.37519836425781,2592.12109375,33.0,12646,17,0.0,0,1,0,25.210174560546875,9623.486328125,327.25,8144,12,0.0,0,1,1,70.13386535644531,3712.5107421875,268.8500747680664,11190,16,0.0,1,2,0,41.631317138671875,6349.154296875,323.5,11122,14,0.0,0,1,1,26.28310775756836,6205.7529296875,329.9999885559082,5847,11,0.0,0,1,1,75.49181365966797,1495.875,44.0,0,0,1,0,8,0,0,0,2,3
99566404585387054,99566404852189289,2020-05-29,53611,2285.417,10.10.321.6176,midseason_cup_2020,DRX Doran,DRX Pyosik,DRX Chovy,DRX Deft,DRX Keria,JDG Zoom,JDG Kanavi,JDG Yagao,JDG LokeN,JDG LvMao,Groups,0,LCK,LPL,1,3344,8,0,0,0,0,4.59328556060791,2586.17041015625,91,3507,7,0.0,0,0,2,6.434841156005859,687.4896240234375,111.75000381469727,3878,8,0,2,0,0,6.6342668533325195,2310.187744140625,84.0,3468,7,0,0,0,0,7.873202323913574,2104.52783203125,96.0,1940,5,0,0,0,0,6.1037983894348145,550.1734619140625,10,3070,8,0,0,0,0,3.99509334564209,2202.207763671875,81.0,3353,7,3.0,0,1,0,6.111242771148682,1399.5859375,135.00001907348633,3164,8,0,0,1,0,6.437662124633789,2715.794921875,86.0,3312,7,0,0,0,0,4.9145636558532715,1481.640380859375,87,2054,5,0,0,0,0,9.038818359375,69.88850402832031,15,0,0,0,0,0,0,0,0,1,0,4740,10,0,0,0,0,7.843337059020996,4247.42236328125,133.0,5205,9,4.600000381469727,0,0,4,12.016493797302246,1313.1148681640625,153.95002555847168,5638,10,0,2,0,2,14.75937557220459,2725.01025390625,136.0,5614,8,0,3,1,0,13.017800331115723,4080.5908203125,118.0,2776,7,0,0,1,2,11.417237281799316,1222.6588134765625,16,4487,10,0,0,0,0,5.697196960449219,3620.5888671875,124.0,4883,8,3.0,1,2,1,9.576699256896973,2431.18994140625,164.00001525878906,5081,10,0.0,1,1,1,9.39574146270752,4633.43115234375,143.0,4571,8,0,0,1,2,13.307815551757812,2521.187744140625,118.0,2981,7,0,0,1,2,18.083036422729492,660.3624877929688,21,0,0,0,0,0,0,0,0,1,1,13329,18,0.0,0,3,0,41.29551315307617,8910.90234375,351.75,11214,14,4.600000381469727,1,2,5,49.26015090942383,7590.23681640625,322.15000343322754,13632,17,4.0,2,4,4,62.06470489501953,16400.447265625,336.4999985694885,16534,16,4.0,4,4,1,46.7757453918457,22410.935546875,436.49999618530273,7311,12,0.0,0,5,4,100.69085693359375,4596.6640625,35.0,16968,18,0.0,5,0,7,44.7970085144043,32537.0703125,405.24999809265137,13379,17,3.0,3,2,15,58.10661697387695,12604.0869140625,356.9999084472656,16400,18,4.0,4,2,6,48.289833068847656,22976.3515625,396.2999954223633,17295,18,0.4000000059604645,6,1,10,41.980472564697266,29346.92578125,383.7999958097935,8319,14,0.0,0,2,9,107.93009185791016,5191.4443359375,41.0,0,0,0,1,2,8,0,1,4,2
99566404855553726,99566404852189289,2020-05-30,18592,1595.48,10.10.321.6176,midseason_cup_2020,FPX Khan,FPX Tian,FPX Doinb,FPX Lwx,FPX Crisp,JDG Zoom,JDG Kanavi,JDG Yagao,JDG LokeN,JDG LvMao,Knockouts,0,LPL,LPL,5,3112,8,0,1,0,0,3.0207912921905518,2942.1201171875,69,2817,6,4.0,0,0,0,5.2994065284729,1041.283203125,106.85001754760742,3200,8,0,0,2,1,6.066462993621826,2175.330322265625,75.0,2986,6,0,0,1,0,3.1846489906311035,1195.0477294921875,73.0,2138,6,0,0,1,0,5.28567361831665,430.9925537109375,15,3599,8,0,0,0,0,3.942208766937256,1330.4027099609375,88.0,4135,7,7.699999809265137,3,0,0,12.590766906738281,3769.5615234375,109.65001583099365,3752,8,0,1,1,1,4.824899673461914,3177.49853515625,86.0,3702,7,0,0,0,2,7.447600841522217,3379.319091796875,90,2232,6,0,0,0,2,4.163797378540039,612.1825561523438,11,0,0,0,0,0,0,0,0,1,0,3981,9,0,1,1,0,8.17252254486084,4301.9609375,92.80000001192093,3909,8,8.0,0,0,0,8.924406051635742,1572.621337890625,141.60003280639648,4672,10,4,0,2,1,11.396724700927734,3352.853271484375,121.0,4319,8,0,0,2,0,7.226543426513672,1670.025634765625,114.0,2904,7,0,0,1,0,12.401817321777344,922.9976806640625,18,5795,10,0,0,0,0,7.505188941955566,2432.406005859375,127.0,6384,9,19.700000762939453,4,0,1,27.27933692932129,6789.21240234375,163.6500473022461,5829,10,3.5999999046325684,2,1,1,9.309442520141602,5139.7333984375,127.7000002861023,5425,8,0,0,0,2,16.907207489013672,5107.42529296875,137.0,3369,7,0,0,0,3,8.304037094116211,1215.2911376953125,15,0,0,0,0,0,1,0,0,1,0,7838,14,0.0,1,3,3,18.92911148071289,8296.95703125,179.80000001192093,8043,13,8.0,0,2,3,26.299057006835938,8034.224609375,285.1000671386719,10242,15,4.0,2,3,3,22.71696662902832,12825.1064453125,260.0,10519,13,0.0,3,6,2,15.7387056350708,17909.103515625,219.0,5095,12,0.0,0,3,3,34.0787239074707,2518.5302734375,23.0,12223,15,0.0,2,1,2,30.393217086791992,7100.07958984375,259.0,13629,16,40.80000305175781,8,2,5,71.59024810791016,15663.830078125,354.8500518798828,11799,15,12.0,3,1,7,37.97013473510742,17207.4453125,271.50000381469727,11834,13,0.0,4,1,9,47.58000946044922,28325.318359375,235.5,7110,12,0.0,0,1,12,50.206172943115234,2414.532958984375,22.0,0,0,0,5,0,10,0,1,1,3
99566404855553726,99566404852189289,2020-05-30,21895,1985.678,10.10.321.6176,midseason_cup_2020,FPX Khan,FPX Tian,FPX Doinb,FPX Lwx,FPX Crisp,JDG Zoom,JDG Kanavi,JDG Yagao,JDG LokeN,JDG LvMao,Knockouts,1,LPL,LPL,5,3310,8,0,1,0,0,3.243220329284668,2076.7421875,77,3500,7,7.600000381469727,1,0,2,8.754441261291504,1920.0299072265625,105.20000648498535,3873,8,4,2,0,1,6.503938674926758,3641.697998046875,87.0,3590,7,0,0,0,1,7.9502763748168945,1886.3616943359375,87.0,2556,5,0,1,0,0,4.313039779663086,424.26910400390625,11,3189,8,0,0,1,0,3.0282750129699707,1650.494140625,86.0,2836,6,0.0,0,2,0,9.04594612121582,1278.2967529296875,97.80001831054688,3361,8,0,0,1,0,5.854625701904297,1437.994873046875,91.0,2903,6,0,0,0,0,5.3507256507873535,979.9124755859375,73,1937,5,0,0,1,0,7.486212253570557,556.9234008789062,13,0,0,0,0,0,0,0,0,1,0,5033,10,0,2,1,0,12.98745346069336,3996.65673828125,117.0,5314,9,11.600000381469727,2,0,4,16.48223304748535,3143.224365234375,155.20001792907715,5691,10,4,2,1,7,9.678458213806152,5983.9287109375,122.0,6650,9,0,3,0,4,7.9502763748168945,6318.048828125,124.0,4182,7,0,2,0,1,13.577956199645996,1055.640380859375,16,4896,10,0,0,2,0,6.486107349395752,2640.97119140625,118.0,4473,8,4.0,1,4,1,16.6398868560791,4017.175537109375,144.80004119873047,4574,10,0.0,0,3,2,12.442971229553223,3528.359375,123.0,4361,8,0,1,0,0,7.872581481933594,1656.1920166015625,103.0,2710,7,0,0,2,2,15.976097106933594,1451.2767333984375,17,0,0,0,0,1,0,0,0,2,0,14114,17,9.999998092651367,7,3,1,37.175472259521484,14848.8310546875,280.9999942779541,12579,16,15.600000381469727,5,1,8,47.81787109375,13134.4228515625,300.2000370025635,13579,17,7.200000286102295,3,3,16,43.768802642822266,15109.61328125,270.8999972343445,16437,16,8.799999237060547,6,1,10,37.476314544677734,28650.09765625,312.5999946594238,9168,14,0.0,2,2,5,76.7441177368164,3528.380126953125,32.0,13664,17,1.5,2,3,4,33.42376708984375,13304.5087890625,315.0,10007,14,4.0,1,7,8,60.667572021484375,9451.6259765625,306.2000961303711,13205,17,8.0,2,5,8,26.36992645263672,22501.646484375,285.5,13611,15,0.0,5,2,4,36.491485595703125,14623.2109375,311.5999994277954,6322,12,0.0,0,6,6,67.24066162109375,6290.03125,30.0,0,0,4,0,11,2,1,0,5,0
99566404852189289,99566404855553726,2020-05-30,25141,2444.745,10.10.321.6176,midseason_cup_2020,JDG Zoom,JDG Kanavi,JDG Yagao,JDG LokeN,JDG LvMao,FPX Khan,FPX Tian,FPX Doinb,FPX Lwx,FPX Crisp,Knockouts,0,LPL,LPL,5,3635,8,0,0,0,0,4.635251045227051,2878.164794921875,88,2914,6,8.700000762939453,0,1,0,4.052542686462402,599.8126220703125,105.4000015258789,3147,8,0,0,2,0,5.848278045654297,2162.8330078125,93.0,3806,7,0,1,0,0,2.4096550941467285,2588.7265625,82.0,2286,5,0,0,2,1,3.7867891788482666,1279.92529296875,14,3083,8,0,0,0,2,4.482361316680908,1636.620849609375,73.75,3575,6,9.5,2,0,3,9.811957359313965,1913.9769287109375,84.5000057220459,3782,8,0,1,0,3,8.246932029724121,1697.9822998046875,82.60000002384186,3249,7,0,1,0,1,4.479763984680176,1678.0634765625,71,2586,6,0,1,1,4,7.761584758758545,1093.9703369140625,16,0,0,0,0,0,0,0,0,0,1,6526,11,0,0,0,0,6.194985389709473,3968.164794921875,150.0,4023,8,8.700000762939453,0,1,0,8.348628044128418,1356.499267578125,135.90001678466797,4351,9,0,0,3,0,7.039519309997559,3097.331787109375,125.0,5272,9,0,1,0,0,12.020722389221191,4680.64208984375,126.0,3139,6,0,0,3,1,18.450847625732422,1279.92529296875,21,4254,10,0,0,0,3,6.349627494812012,2668.521240234375,100.75,5055,8,10.0,2,0,5,13.377768516540527,3359.53466796875,122.0000114440918,5642,10,0.0,3,0,3,9.436267852783203,2651.49658203125,126.10000038146973,5758,9,4,1,0,1,9.577171325683594,1851.1781005859375,122.0,3776,7,0,1,1,6,11.62580394744873,1196.916015625,20,0,0,0,0,1,1,0,0,0,2,17599,18,0.0,1,2,1,55.14283752441406,22922.982421875,386.8499927520752,10557,14,8.700000762939453,0,2,2,70.19068908691406,5842.09130859375,275.3000679016113,13783,16,0.0,2,5,0,44.200904846191406,19929.720703125,367.5,16496,17,0.0,1,0,2,44.10456466674805,24085.0625,440.00000381469727,8338,13,0.0,0,7,2,125.64463806152344,3892.850830078125,42.0,12235,17,0.0,0,0,9,40.211605072021484,15491.3505859375,245.75,14140,16,13.0,4,0,8,63.411651611328125,10548.046875,354.19995880126953,15273,18,0.0,4,0,11,70.4899673461914,15826.001953125,350.30001068115234,18718,17,4.0,7,1,4,68.81733703613281,30638.091796875,406.59999084472656,9340,14,0.0,1,3,13,98.3317642211914,5546.134765625,38.0,0,0,0,1,3,7,1,1,1,5
99566404852189289,99566404855553726,2020-05-30,29057,2550.31,10.10.321.6176,midseason_cup_2020,JDG Zoom,JDG Kanavi,JDG Yagao,JDG LokeN,JDG LvMao,FPX Khan,FPX Tian,FPX Doinb,FPX Lwx,FPX Crisp,Knockouts,0,LPL,LPL,5,3527,9,0,1,0,0,3.676605701446533,3455.572998046875,79,2909,6,8.5,0,1,1,14.472304344177246,836.19873046875,94.0000057220459,3439,8,0,1,0,0,6.230224132537842,3231.34716796875,81.0,3312,7,0,0,0,1,5.105584621429443,650.9890747070312,87.25,2041,5,0,0,1,1,3.711688995361328,228.22116088867188,13,3263,8,4,0,1,0,9.421379089355469,2646.38330078125,81.5,3189,7,20.5,0,1,2,7.747170448303223,907.8699340820312,107.4000072479248,3330,8,0,1,0,1,6.9244608879089355,1787.723876953125,80.0,3437,7,0,0,0,1,4.332551956176758,1875.9698486328125,83,2429,6,0,1,0,0,5.4744696617126465,432.2713317871094,13,0,0,0,0,0,0,0,0,0,1,5216,10,0,2,1,0,7.98170280456543,6516.427734375,109.0,4227,8,8.5,0,2,2,17.401960372924805,1976.202392578125,139.5000228881836,5122,10,0,1,0,1,7.926634788513184,4432.52099609375,122.0,4865,9,0,0,0,1,7.74162483215332,2131.148193359375,138.5,2859,6,0,0,1,1,14.47681999206543,629.3344116210938,19,4969,10,4,1,1,1,12.315263748168945,5372.1396484375,112.0,4477,8,20.5,0,2,3,11.049595832824707,1659.7869873046875,157.0000228881836,5325,10,0.0,2,0,2,8.424461364746094,3471.0244140625,136.0,5889,9,0,0,0,2,7.418118476867676,3214.01123046875,125.0,3422,7,0,1,0,1,22.686325073242188,773.9011840820312,21,0,0,0,0,0,1,0,0,0,2,16891,18,0.0,5,8,6,59.731327056884766,24095.109375,341.5,13179,17,9.69999885559082,2,7,9,123.42210388183594,11899.6630859375,365.7000370025635,15750,18,8.0,2,3,12,48.72311782836914,27630.12890625,351.79999923706055,19420,18,8.0,10,3,6,26.362071990966797,46854.28515625,471.50002670288086,8126,14,0.0,0,8,11,95.88937377929688,6122.6083984375,30.0,17648,18,8.600000381469727,6,3,9,34.33246612548828,22478.453125,378.0999927520752,15004,17,23.299999237060547,5,4,18,86.23930358886719,9157.8857421875,324.30005264282227,17610,18,0.0,7,5,17,49.3121223449707,28215.712890625,304.29999923706055,22459,18,8.800000190734863,9,4,16,36.38591384887695,44398.94921875,496.80001163482666,10210,16,0.0,2,3,15,124.158447265625,5860.9140625,34.0,0,0,0,1,4,9,0,2,3,4
100205573495116443,99566404854685458,2020-05-30,33198,1453.265,10.10.321.6176,midseason_cup_2020,GEN Rascal,GEN Clid,GEN Bdd,GEN Ruler,GEN Life,TES 369,TES Karsa,TES knight,TES JackeyLove,TES yuyanjia,Knockouts,0,,LPL,5,2915,8,0,0,2,0,4.871623992919922,2213.213623046875,70,3163,6,2.8000001907348633,1,1,0,13.434684753417969,1837.11669921875,99.09999942779541,3213,8,0,0,0,0,7.8093719482421875,2059.678955078125,89.0,3275,7,0,0,0,1,3.3899002075195312,1297.13671875,81.0,2043,5,0,0,2,1,3.7504358291625977,1020.4271850585938,12,3689,8,0,2,0,0,6.350525856018066,4259.751953125,76.0,3044,7,0.0,0,1,2,10.254310607910156,598.4716186523438,95.40000915527344,3032,8,0,0,0,2,6.851423740386963,1173.364013671875,74.0,4696,7,0,3,0,0,4.347927570343018,4424.3671875,100,2550,6,0,0,0,3,9.298684120178223,552.148193359375,14,0,0,0,0,0,0,0,0,0,0,4919,10,0,1,3,1,10.073805809020996,3853.6435546875,103.0,5008,8,2.8000001907348633,2,2,0,16.00223731994629,3355.920166015625,131.0999994277954,4544,10,0,0,1,1,13.5049467086792,2778.240966796875,127.80000001192093,4626,9,0,0,1,2,3.858725070953369,1732.8011474609375,120.5,2899,6,0,0,4,3,9.224937438964844,1660.96044921875,19,5499,10,0,4,1,1,11.218829154968262,6850.1845703125,108.0,5064,8,7.600000381469727,2,1,4,17.169904708862305,2381.90283203125,133.6000156402588,4898,10,0.0,1,0,3,12.596673011779785,2337.564453125,110.0,6714,9,0,3,1,4,9.083191871643066,6780.55712890625,139.0,4368,8,0,1,0,6,27.18065071105957,1334.16455078125,26,0,0,0,0,0,1,0,0,0,1,7955,13,0.0,1,7,3,21.065338134765625,10054.435546875,166.0,9127,12,2.8000001907348633,3,6,1,31.87258529663086,11155.712890625,224.1000108718872,7534,13,0.0,0,5,4,19.008808135986328,8000.7294921875,189.30000007152557,9593,13,0.0,2,2,3,25.595731735229492,7781.5908203125,231.99999713897705,4743,10,0.0,0,9,4,30.64595603942871,3747.011474609375,27.0,11876,14,5.5,11,1,8,27.697134017944336,18088.119140625,206.25,8583,12,7.600000381469727,2,2,17,38.411869049072266,6078.01953125,175.3500461578369,10565,14,4.0,4,0,12,37.605255126953125,10034.1328125,205.0,13104,13,4.0,10,3,8,32.23980712890625,21382.50390625,237.0,8140,12,0.0,2,0,21,62.304588317871094,3772.29541015625,31.0,0,0,0,3,1,11,0,0,0,2
100205573495116443,99566404854685458,2020-05-30,36026,1509.259,10.10.321.6176,midseason_cup_2020,GEN Rascal,GEN Clid,GEN Bdd,GEN Ruler,GEN Kellin,TES 369,TES Karsa,TES knight,TES JackeyLove,TES yuyanjia,Knockouts,0,,LPL,5,3061,8,0,0,1,0,6.55379581451416,944.1500854492188,77,2921,6,6.800000190734863,0,1,0,3.125,701.4588012695312,106.60000324249268,3484,8,0,0,0,0,3.6056785583496094,2834.783935546875,103.0,4050,6,0,1,0,0,7.158904075622559,3215.580078125,93.0,2350,6,0,0,1,1,4.133086204528809,603.1298828125,14,3927,8,0,0,0,2,3.406437635421753,3127.58544921875,89.0,3548,6,0.0,3,0,0,11.793536186218262,1606.0982666015625,82.89999580383301,3457,9,0,0,0,0,3.183749198913574,1632.88818359375,98.0,3314,6,0,0,1,0,5.599151611328125,1435.864501953125,83,2213,6,0,0,0,1,5.020009994506836,727.1034545898438,11,0,0,0,0,0,0,0,0,0,1,4432,10,0,0,1,0,8.05379581451416,944.1500854492188,120.0,4257,8,6.800000190734863,0,1,0,13.052172660827637,735.9673461914062,163.6000337600708,5030,10,0,0,1,0,7.860074043273926,4194.40234375,144.0,5498,8,0,1,0,0,12.043343544006348,3789.960693359375,138.0,3180,7,0,0,1,1,16.080944061279297,603.1298828125,20,5577,10,0,0,0,2,10.108667373657227,4391.06005859375,129.0,5232,8,0.0,3,0,1,15.550743103027344,2966.43896484375,125.40000915527344,5820,11,0.0,1,0,0,6.261201858520508,2223.38916015625,141.0,5029,9,0,0,1,0,11.32337760925293,1693.922119140625,140.0,3066,7,0,0,0,1,16.4868221282959,727.1034545898438,17,0,0,0,0,0,1,0,0,0,2,8173,14,0.0,1,3,1,24.582534790039062,3998.7734375,207.5,7683,12,6.800000190734863,1,4,3,37.612953186035156,5574.25732421875,254.1000566482544,9668,14,0.0,1,3,2,22.912311553955078,8283.3515625,250.0,9203,12,0.0,2,4,1,30.71714973449707,15035.779296875,233.0,5230,10,0.0,0,4,5,44.96438980102539,2000.9354248046875,22.0,11495,15,5.5,3,0,11,34.417266845703125,16866.888671875,240.0,9467,13,0.0,5,2,3,51.220924377441406,7265.42578125,215.9000701904297,11828,15,4.0,7,0,4,31.315959930419922,14964.5634765625,224.0,11188,14,4.0,3,2,6,22.98490333557129,8625.791015625,265.0,6383,11,0.0,0,1,12,58.460201263427734,1732.7425537109375,25.0,0,0,0,1,1,8,0,1,1,2
99566404854685458,100205573495116443,2020-05-30,38883,1956.854,10.10.321.6176,midseason_cup_2020,TES 369,TES Karsa,TES knight,TES JackeyLove,TES yuyanjia,GEN Rascal,GEN Clid,GEN Bdd,GEN Ruler,GEN Life,Knockouts,1,LPL,,5,2818,8,0,0,0,0,1.5016671419143677,1294.9267578125,62,2972,7,15.0,0,0,0,12.651241302490234,0.0,108.2500057220459,3180,8,0,0,1,0,3.8671529293060303,1968.1029052734375,87.0,3351,7,0,0,0,0,3.5397865772247314,3028.776123046875,91.0,2045,6,0,0,0,0,5.8249030113220215,2346.88134765625,1,3357,8,0,0,0,0,6.4210710525512695,2724.32568359375,89.0,3288,6,12.0,1,0,0,8.541342735290527,547.185546875,90.2500057220459,3370,8,0,0,0,1,3.4917986392974854,1890.3077392578125,83.0,2268,6,0,0,0,0,3.0844924449920654,1788.38671875,12,2929,6,0,0,0,0,4.683414459228516,866.8875732421875,62,0,0,0,0,0,0,0,0,1,0,4255,9,0,0,1,0,6.474986553192139,1679.0108642578125,93.0,3938,8,15.0,0,0,0,22.18074607849121,38.72333526611328,147.2500228881836,4921,10,4,1,1,0,5.987756252288818,2764.158447265625,134.0,5010,9,0,0,0,0,7.576831817626953,3393.20068359375,141.0,2917,7,0,0,0,0,14.192904472351074,3754.72900390625,1,5306,10,0,0,0,1,11.769372940063477,3445.39794921875,134.0,4785,8,20.0,2,1,0,15.247024536132812,1004.6785888671875,129.50001907348633,4888,10,0.0,0,0,2,5.502079486846924,2907.507080078125,117.0,3197,7,0,0,0,0,12.40316104888916,1905.2808837890625,16.0,4158,8,0,0,0,0,6.044724941253662,866.8875732421875,95,0,0,0,0,0,0,0,0,2,0,13437,17,8.0,4,2,10,41.41856002807617,20492.390625,229.59999918937683,10331,15,17.799999237060547,2,0,8,64.26216888427734,5242.45849609375,226.10002517700195,16589,18,4.0,11,2,5,30.25108528137207,25923.458984375,342.24999237060547,13489,15,5.200000286102295,2,4,6,46.33905792236328,16982.294921875,332.89999532699585,8721,15,0.0,1,0,16,68.23677062988281,15126.435546875,6.0,13041,16,0.0,2,4,1,30.764881134033203,22080.236328125,281.0,10318,14,27.19999885559082,3,2,3,44.65876007080078,9344.1552734375,273.4000644683838,11692,16,0.0,0,4,4,28.99614715576172,8733.34765625,304.99999618530273,7481,12,0.0,0,5,4,63.54863739013672,11024.78515625,41.0,10543,14,0.0,3,5,2,26.041683197021484,11288.080078125,207.0,0,0,3,0,11,3,2,0,4,1
99566404855553726,99566404854685458,2020-05-31,33157,2014.799,10.10.321.6176,midseason_cup_2020,FPX Khan,FPX Tian,FPX Doinb,FPX Lwx,FPX Crisp,TES 369,TES Karsa,TES knight,TES JackeyLove,TES yuyanjia,Knockouts,0,LPL,LPL,5,3106,7,0,1,1,1,6.850732803344727,3269.8994140625,56,2943,6,0.0,0,0,2,9.054410934448242,1384.58935546875,93.50001525878906,3806,8,0,1,0,0,4.42732048034668,895.7988891601562,86.0,3367,6,0,1,0,0,7.288734436035156,2639.440185546875,76.0,2081,5,0,0,1,1,4.072118759155273,906.6741943359375,12,3074,8,0,0,2,0,3.1852517127990723,3460.848388671875,80.0,3946,7,0.0,2,0,0,9.411825180053711,1806.2242431640625,118.4000129699707,3618,8,2,0,0,1,1.7124693393707275,2722.4365234375,103.60000038146973,3363,7,0,0,0,1,8.201298713684082,2400.761474609375,90,2121,6,0,0,1,1,7.181079864501953,751.1028442382812,13,0,0,0,0,0,0,0,0,0,1,4862,10,0,1,1,1,8.077363014221191,3371.787353515625,94.0,4037,7,0.0,0,0,2,10.054410934448242,2426.955078125,135.00003051757812,5773,10,0,1,0,0,4.906125068664551,1718.9658203125,132.0,5220,8,0,2,1,0,10.263219833374023,3534.515625,107.0,3126,7,0,0,2,2,14.183080673217773,1292.8203125,19,4853,10,0,1,2,1,6.979036331176758,4260.15185546875,113.0,5429,8,0.0,2,0,1,17.09211540222168,3014.867431640625,140.9000129699707,6015,10,2.0,1,0,2,11.10322380065918,4141.779296875,151.60000038146973,4986,9,0,0,1,1,12.854446411132812,4246.0029296875,131.0,3084,7,0,0,1,3,15.233107566833496,1197.813720703125,19,0,0,0,0,1,1,0,0,0,1,10054,14,0.0,1,3,3,40.738582611083984,7941.18798828125,191.0,10836,14,0.0,1,4,4,50.55074691772461,7415.6484375,305.55006408691406,13082,17,0.0,2,2,3,22.61954116821289,11024.37109375,320.0,12687,14,0.0,4,3,0,46.98134994506836,20148.4296875,290.1999969482422,6620,13,0.0,0,3,5,60.7935791015625,2651.511474609375,28.0,12573,17,1.2000000476837158,1,3,5,31.954618453979492,12312.2490234375,288.14999890327454,13775,16,19.299999237060547,5,0,6,53.32598876953125,9153.03515625,345.749942779541,15947,17,17.999998092651367,6,1,4,39.25587844848633,20966.1484375,371.600004196167,13663,16,0.0,1,2,8,59.37616729736328,27607.5234375,287.0,8371,13,0.0,2,2,7,83.25798797607422,3190.8154296875,30.0,0,0,0,3,2,10,0,1,0,5
99566404855553726,99566404854685458,2020-05-31,36468,2093.289,10.10.321.6176,midseason_cup_2020,FPX Khan,FPX Tian,FPX Doinb,FPX Lwx,FPX Crisp,TES 369,TES Karsa,TES knight,TES JackeyLove,TES yuyanjia,Knockouts,1,LPL,LPL,5,3615,8,0,1,1,1,7.896083831787109,3427.361328125,71,3750,7,0.0,1,0,2,8.033332824707031,998.9730224609375,121.50001525878906,3208,8,0,0,0,1,3.974142551422119,615.0371704101562,83.0,3358,7,0,0,0,1,5.282315254211426,1998.80224609375,89.0,2310,6,0,1,0,0,5.148894786834717,1004.134765625,12,2825,8,0,0,1,1,9.054192543029785,1430.744873046875,65.0,3226,7,0.0,0,1,0,6.018381595611572,749.9755249023438,128.00001525878906,3946,8,0,1,0,0,6.082450866699219,2103.7919921875,98.0,3595,7,0,0,0,0,5.9057416915893555,2251.110595703125,99,2188,6,0,0,1,0,4.296928405761719,457.0060729980469,13,0,0,0,0,0,0,0,0,1,0,5881,10,0,3,1,2,17.774309158325195,6390.2783203125,107.0,5113,8,1.5,1,1,4,17.168212890625,2753.64306640625,140.75003051757812,4952,10,0,1,1,3,8.162886619567871,2438.549072265625,117.25,4904,9,0,0,0,1,7.81136417388916,3367.868896484375,136.0,3481,7,0,1,1,2,17.208782196044922,1499.3819580078125,21,3768,9,0,0,2,3,13.123013496398926,3068.866943359375,78.0,4569,9,0.0,0,2,0,10.046248435974121,2477.971435546875,185.25001525878906,6517,10,0.0,4,0,0,14.908905029296875,5636.79345703125,140.49999809265137,5401,9,0,0,0,0,9.800495147705078,3225.688720703125,142.0,3061,7,0,0,2,2,20.715347290039062,1263.8924560546875,17,0,0,0,0,1,0,0,0,2,0,17865,18,4.0,10,2,8,51.66484451293945,26330.306640625,342.74999809265137,12845,16,1.899999976158142,4,1,12,55.255516052246094,11462.4638671875,281.8500655889511,14395,18,2.0,3,2,16,40.674034118652344,17316.359375,315.24999809265137,16246,17,0.0,4,1,6,32.98017501831055,12636.2333984375,394.6999912261963,8782,14,0.0,1,3,13,89.86365509033203,5909.9404296875,37.0,9697,16,0.0,0,4,5,32.07353591918945,8983.3681640625,231.70000076293945,11241,16,4.0,2,4,2,43.24937057495117,12414.78125,374.49989318847656,17226,18,4.0,6,4,1,51.54960250854492,21823.466796875,406.0,14046,16,0.0,1,3,1,43.565303802490234,22713.806640625,349.0,7154,12,0.0,0,7,5,101.92010498046875,4046.58447265625,31.0,0,0,1,0,9,3,2,0,4,1
99566404854685458,99566404855553726,2020-05-31,40144,1822.597,10.10.321.6176,midseason_cup_2020,TES 369,TES Karsa,TES knight,TES JackeyLove,TES yuyanjia,FPX Khan,FPX Tian,FPX Doinb,FPX Lwx,FPX Crisp,Knockouts,1,LPL,LPL,5,3377,8,0,0,0,0,6.567449569702148,2804.164306640625,92,3023,7,0.0,0,0,0,9.085302352905273,847.6282958984375,110.49999237060547,3631,8,0,0,0,0,4.096302032470703,998.5325927734375,104.0,3247,6,0,0,0,0,4.733748435974121,1454.588134765625,85.0,2054,6,0,0,0,0,2.9032962322235107,1211.489990234375,11,2901,8,0,0,0,0,3.9125778675079346,2667.332763671875,73.0,3017,7,0.0,0,0,0,7.092768669128418,149.4462432861328,113.50000762939453,3291,8,0,0,0,0,6.3138957023620605,563.150634765625,90.0,3402,7,0,0,0,0,2.7584731578826904,1794.9581298828125,95,2081,6,0,0,0,0,3.9070677757263184,164.10174560546875,13,0,0,0,0,0,0,0,0,1,0,5327,11,0,0,0,0,10.835795402526855,3175.07275390625,142.0,4692,8,0.0,1,0,1,13.830162048339844,2227.302978515625,142.70000839233398,5146,10,0,0,1,2,9.137661933898926,3404.073486328125,148.0,4969,8,0,1,0,1,11.767102241516113,3767.805419921875,122.0,2862,7,0,0,1,2,5.593979835510254,1480.8289794921875,15,4725,10,0,1,0,0,5.710925102233887,3810.676025390625,113.5,3844,7,0.4000000059604645,0,2,1,9.271580696105957,1741.322021484375,134.30001297593117,5228,10,0.0,0,0,1,6.3138957023620605,1194.134033203125,157.0,5235,9,0,1,0,0,10.010647773742676,3331.4931640625,140.0,2997,7,0,0,0,1,21.988691329956055,666.2939453125,23,0,0,0,0,0,0,0,0,1,1,13481,18,7.0,4,0,5,47.55078887939453,13014.3671875,277.25,12016,15,10.399999618530273,5,1,7,52.71677780151367,9228.31640625,291.5000286102295,15226,18,15.999998092651367,2,2,13,28.49500846862793,20075.232421875,382.00000381469727,13511,15,5.599999904632568,6,1,6,45.975101470947266,32251.205078125,279.69999837875366,8351,14,0.0,2,1,14,55.24861526489258,9559.3505859375,21.0,9984,15,0.0,2,4,1,24.74323272705078,12099.439453125,211.5,7178,13,0.4000000059604645,0,6,2,33.42293167114258,5281.19091796875,203.8000091612339,12381,17,0.0,0,3,2,41.9248161315918,11867.6142578125,362.0,12548,15,0.0,3,3,1,20.093358993530273,9049.9345703125,329.99999237060547,5943,13,0.0,0,3,4,55.57121658325195,2261.39501953125,31.0,0,0,3,0,11,1,2,0,4,1
99566404855553726,99566404854685458,2020-05-31,43265,1625.378,10.10.321.6176,midseason_cup_2020,FPX Khan,FPX Tian,FPX Doinb,FPX Lwx,FPX Crisp,TES 369,TES Karsa,TES knight,TES JackeyLove,TES yuyanjia,Knockouts,0,LPL,LPL,5,3611,8,0,0,0,1,4.465683937072754,3380.142822265625,90,3163,7,11.5,0,0,0,5.116666793823242,192.56216430664062,117.00000381469727,3480,8,0,1,0,0,6.446876525878906,1855.6151123046875,82.0,2965,6,0,0,1,0,5.817220687866211,539.5474243164062,74.5,1941,5,0,0,1,0,6.35828971862793,568.9682006835938,11,3194,8,0,0,1,0,4.5927228927612305,2228.0302734375,83.0,2935,7,4.0,0,0,1,13.766447067260742,446.4632263183594,93.49999618530273,3471,8,0,0,0,0,5.65772008895874,4239.98095703125,94.0,4767,7,0,1,0,1,6.0654296875,2839.57568359375,95,2772,6,0,1,0,1,6.322107315063477,1071.3016357421875,11,0,0,0,0,0,1,0,0,0,1,5810,10,0,1,0,1,12.224658966064453,4923.00439453125,125.0,4642,9,15.099998474121094,0,2,0,8.503511428833008,2574.906982421875,165.70002365112305,4830,10,0,1,2,1,11.923246383666992,4599.8623046875,114.0,3985,7,0,0,2,0,11.807645797729492,560.692138671875,100.5,2713,6,0,0,3,0,8.833288192749023,980.2127685546875,16,5062,10,0,3,1,1,6.792722702026367,4342.5673828125,110.0,4216,8,4.0,0,0,3,18.8664493560791,1535.4520263671875,129.29999923706055,5412,10,0.0,1,0,4,7.190273284912109,7062.28173828125,132.0,7763,9,4,4,1,2,9.425664901733398,6344.89111328125,139.0,4326,8,0,1,0,5,19.677064895629883,2681.8994140625,17,0,0,0,0,0,2,0,0,0,1,12057,15,0.0,4,4,3,35.2673454284668,18866.69921875,232.0,9543,13,22.09999656677246,3,7,1,35.09846115112305,9134.5888671875,244.80002403259277,10193,15,8.0,2,5,3,28.225637435913086,7866.52978515625,238.0,9560,13,4.0,0,5,5,18.986614227294922,9841.830078125,252.5,5569,11,0.0,0,5,3,33.877174377441406,3319.680419921875,26.0,11067,16,0.800000011920929,5,4,9,34.76279830932617,16001.263671875,220.09999924898148,9329,14,14.39999771118164,1,1,14,44.43077087402344,3412.599853515625,211.6000213623047,12752,16,4.0,7,0,13,23.666515350341797,22396.2734375,241.0,15092,14,13.999998092651367,11,3,7,32.856971740722656,22233.48046875,280.9999942779541,8534,13,0.0,2,1,20,67.58251953125,5546.4296875,26.0,0,0,0,2,4,10,0,1,0,4
